timestamp,artist,venue,venue_original,date,station,filename
2025-04-23T02:34:18,Orianne Thi,Yoshi’s,Yoshi's in Jack London Square,Unknown,KALX,data/clips/kalx_clip_2025-04-23_02-34-18.mp3
2025-04-23T02:34:18,Puzzle X,August Hall,August Hall,Unknown,KALX,data/clips/kalx_clip_2025-04-23_02-34-18.mp3
2025-04-24T01:51:02,"Gay CDC, Destroyer, the Shee Gees",Bottom of the Hill,Bottom of the Hill,Friday 18th,KALX,data/clips/kalx_clip_2025-04-24_01-51-02.mp3
2025-04-23T04:02:54,"Beachwood Sparks, Silver Synthetic, DJ sets by Kelly Stoltz",The Chapel,The Chapel,April 19th,KALX,data/clips/kalx_clip_2025-04-23_04-02-54.mp3
2025-04-23T04:02:54,Hassan Sabah,Unknown,Unknown,Unknown,KALX,data/clips/kalx_clip_2025-04-23_04-02-54.mp3
2025-04-23T03:13:22,"White Denim, Nolan Potter's Nightmare Egg",Great American Music Hall,Great American Music Hall,"May 16, 20XX",KALX,data/clips/kalx_clip_2025-04-23_03-13-22.mp3
2025-04-24T21:13:11,"Madeleine Goldstein, Paralyzed Age (for the song Bloodsucker)",Unknown,Unknown,Unknown,KALX,/Users/kevinrodriguez/Documents/GitHub/arachnaradio/data/clips/kalx_clip_2025-04-24_21-13-11.mp3
2025-04-24T21:13:11,Butcher Brown,The Independent,The Independent,April,KALX,/Users/kevinrodriguez/Documents/GitHub/arachnaradio/data/clips/kalx_clip_2025-04-24_21-13-11.mp3
2025-04-24T21:14:06,Butcher Brown,The Independent,The Independent,April 26th,KALX,/Users/kevinrodriguez/Documents/GitHub/arachnaradio/data/clips/kalx_clip_2025-04-24_21-14-06.mp3
2025-04-24T21:14:06,Strawberry Switchblade,Unknown,Unknown,Unknown,KALX,/Users/kevinrodriguez/Documents/GitHub/arachnaradio/data/clips/kalx_clip_2025-04-24_21-14-06.mp3
2025-04-23T03:13:22,"White Denim, Nolan Potter's Nightmare Egg",Great American Music Hall,Great American Music Hall,May 16th,KALX,data/clips/kalx_clip_2025-04-23_03-13-22.mp3
2025-04-23T03:13:22,"White Denim, Nolan Potter's Nightmare Egg",Great American Music Hall,Great American Music Hall,"May 16, 2025",KALX,data/clips/kalx_clip_2025-04-23_03-13-22.mp3
2025-04-23T03:13:22,"White Denim, Nolan Potter's Nightmare Egg",Great American Music Hall,Great American Music Hall,May 16th,KALX,data/clips/kalx_clip_2025-04-23_03-13-22.mp3
2025-04-23T03:13:22,"White Denim, Nolan Potter's Nightmare Egg",Great American Music Hall,Great American Music Hall,"May 16, 20XX",KALX,data/clips/kalx_clip_2025-04-23_03-13-22.mp3
2025-04-23T03:13:22,"White Denim, Nolan Potter's Nightmare",Great American Music Hall,Great American Music Hall,May 16,KALX,data/clips/kalx_clip_2025-04-23_03-13-22.mp3
2025-04-14T14:53:37,Sturgill Simpson,Greek Theatre,Greek Theatre,24th of this month,KALX,data/clips/kalx_clip_2025-04-14_14-53-37.mp3
2025-04-14T14:53:37,Sturgill Simpson,Greek Theatre,Greek Theatre,24th of this month,KALX,data/clips/kalx_clip_2025-04-14_14-53-37.mp3
2025-04-14T14:53:37,Sturgill Simpson,Greek Theatre,Greek Theatre,April 24,KALX,data/clips/kalx_clip_2025-04-14_14-53-37.mp3
2025-04-14T16:18:33,"Zacharis Thompson, Skyway Man, Miles Lassie",Little Hill Lounge,Little Hill Lounge,2025-04-14,KALX,data/clips/kalx_clip_2025-04-14_16-18-33.mp3
2025-04-14T16:18:33,Stella Cole,Yoshi’s,Yoshi's,2025-04-14,KALX,data/clips/kalx_clip_2025-04-14_16-18-33.mp3
2025-04-14T16:18:33,"Broken Side, Bay Mac, Bra Main, From the Stay Forward",Brick & Mortar Music Hall,Brick and Mortar Music Hall,2025-04-14,KALX,data/clips/kalx_clip_2025-04-14_16-18-33.mp3
2025-04-14T16:18:33,"Monday Night Hubba, Twilight Burlesque",DNA Lounge,DNA Lounge,Unknown,KALX,data/clips/kalx_clip_2025-04-14_16-18-33.mp3
2025-04-14T16:18:33,Joby chrysalis squiggle,Hotel Utah,Hotel Utah,Unknown,KALX,data/clips/kalx_clip_2025-04-14_16-18-33.mp3
2025-04-14T16:18:33,"Zacharis Thompson, Skyway Man, Miles Lassie",Little Hill Lounge,Little Hill Lounge,April 14,KALX,data/clips/kalx_clip_2025-04-14_16-18-33.mp3
2025-04-14T16:18:33,Stella Cole,Yoshi’s,Yoshi's,April 14,KALX,data/clips/kalx_clip_2025-04-14_16-18-33.mp3
2025-04-14T16:18:33,"Broken Side, Bay Mac, Bra Main, From the Stay Forward",Brick & Mortar Music Hall,Brick and Mortar Music Hall,April 14,KALX,data/clips/kalx_clip_2025-04-14_16-18-33.mp3
2025-04-14T16:18:33,"Monday Night Hubba, Twilight Burlesque",DNA Lounge,DNA Lounge,April 14,KALX,data/clips/kalx_clip_2025-04-14_16-18-33.mp3
2025-04-14T18:34:18,Cole and the gang,Eli’s Mile High Club,Eli’s Mile High Club,April 14,KALX,data/clips/kalx_clip_2025-04-14_18-34-18.mp3
2025-04-14T18:34:18,Berkeley Symphony chamber music music,The Freight,The Freight,April 14,KALX,data/clips/kalx_clip_2025-04-14_18-34-18.mp3
2025-04-14T18:34:18,unlikely typo and red June,Ivy Room,Ivy Room,Unknown,KALX,data/clips/kalx_clip_2025-04-14_18-34-18.mp3
2025-04-14T18:34:18,Cole and the gang,Eli’s Mile High Club,Eli’s Mile High Club,April 14,KALX,data/clips/kalx_clip_2025-04-14_18-34-18.mp3
2025-04-14T18:34:18,Berkeley Symphony chamber music,The Freight,The Freight,April 14,KALX,data/clips/kalx_clip_2025-04-14_18-34-18.mp3
2025-04-14T18:34:18,unlikely typo and red June,Ivy Room,Ivy Room,Unknown,KALX,data/clips/kalx_clip_2025-04-14_18-34-18.mp3
2025-04-15T18:31:50,"Eli Knowles, Grant Ramus",Little Hill Lounge,Little Hill Lounge,April 15,KALX,data/clips/kalx_clip_2025-04-15_18-31-50.mp3
2025-04-15T18:31:50,"Itran Delaire, Maya Ongaku",The New Parish,The New Parish,Unknown,KALX,data/clips/kalx_clip_2025-04-15_18-31-50.mp3
2025-04-15T18:31:50,Lee Hildebrand benefit Levee Smith,Yoshi’s,Yoshi's,Unknown,KALX,data/clips/kalx_clip_2025-04-15_18-31-50.mp3
2025-04-15T18:31:50,"Eli Knowles, Grant Ramus",Little Hill Lounge,Little Hill Lounge,April 15,KALX,data/clips/kalx_clip_2025-04-15_18-31-50.mp3
2025-04-15T18:31:50,"Itran Delaire, Maya Ongaku",The New Parish,The New Parish,Unknown,KALX,data/clips/kalx_clip_2025-04-15_18-31-50.mp3
2025-04-15T18:31:50,Levee Smith,Yoshi’s,Yoshi's,Unknown,KALX,data/clips/kalx_clip_2025-04-15_18-31-50.mp3
2025-04-15T18:32:51,Adam Troy and Bloom Time,Knockout,Knockout,April 15,KALX,data/clips/kalx_clip_2025-04-15_18-32-51.mp3
2025-04-15T18:32:51,Makeout Room is presenting Daryl Johns,Regency Ballroom,Regency Ballroom,April 15,KALX,data/clips/kalx_clip_2025-04-15_18-32-51.mp3
2025-04-15T18:32:51,Goldie Live and Jamal Eider,Unknown,Unknown,Unknown,KALX,data/clips/kalx_clip_2025-04-15_18-32-51.mp3
2025-04-15T18:32:51,KTJ and Carly,Rickshaw Stop,Rickshaw Stop,April 15,KALX,data/clips/kalx_clip_2025-04-15_18-32-51.mp3
2025-04-15T18:32:51,Beth Gibbons and Cass McCombs,Warfield,Warfield,April 15,KALX,data/clips/kalx_clip_2025-04-15_18-32-51.mp3
2025-04-15T18:32:51,Adam Troy and Balloon Time,Knockout,Knockout,April 15,KALX,data/clips/kalx_clip_2025-04-15_18-32-51.mp3
2025-04-15T18:32:51,Makeout Room is presenting Darryl Johns,Unknown,Unknown,April 15,KALX,data/clips/kalx_clip_2025-04-15_18-32-51.mp3
2025-04-15T18:32:51,"Goldie, Jamal",Regency Ballroom,Regency Ballroom,April 15,KALX,data/clips/kalx_clip_2025-04-15_18-32-51.mp3
2025-04-15T18:32:51,"Eider, KTJ, Carly",Rickshaw Stop,Rickshaw Stop,April 15,KALX,data/clips/kalx_clip_2025-04-15_18-32-51.mp3
2025-04-15T18:32:51,"Beth Gibbons, Cass McCombs",Warfield,Warfield,April 15,KALX,data/clips/kalx_clip_2025-04-15_18-32-51.mp3
2025-04-15T18:32:51,Adam Troy and Balloon Time,Knockout,Knockout,April 15,KALX,data/clips/kalx_clip_2025-04-15_18-32-51.mp3
2025-04-15T18:32:51,Darryl Johns,Make Out Room,Makeout Room,April 15,KALX,data/clips/kalx_clip_2025-04-15_18-32-51.mp3
2025-04-15T18:32:51,Goldie Live and Jamal,Regency Ballroom,Regency Ballroom,April 15,KALX,data/clips/kalx_clip_2025-04-15_18-32-51.mp3
2025-04-15T18:32:51,"Eider, KTJ and Carly",Rickshaw Stop,Rickshaw Stop,April 15,KALX,data/clips/kalx_clip_2025-04-15_18-32-51.mp3
2025-04-15T18:32:51,Beth Gibbons and Cass McCombs,Warfield,Warfield,April 15,KALX,data/clips/kalx_clip_2025-04-15_18-32-51.mp3
2025-04-25T02:03:26,Unknown,Unknown,Unknown,Unknown,KALX,/Users/kevinrodriguez/Documents/GitHub/arachnaradio/data/clips/kalx_clip_2025-04-25_02-03-26.mp3
2025-04-25T02:49:36,Moon Alice,Sweetwater Music Hall,Sweetwater Music Hall,April 20,KALX,/Users/kevinrodriguez/Documents/GitHub/arachnaradio/data/clips/kalx_clip_2025-04-25_02-49-36.mp3
2025-04-25T02:49:36,Unknown,Unknown,Unknown,Unknown,KALX,/Users/kevinrodriguez/Documents/GitHub/arachnaradio/data/clips/kalx_clip_2025-04-25_02-49-36.mp3
2025-04-25T14:01:19,"Pity Party Girls Club, The Hates, Pillow Prints",Rickshaw Stop,Rickshaw Stop,May 3rd,KALX,/Users/kevinrodriguez/Documents/GitHub/arachnaradio/data/clips/kalx_clip_2025-04-25_14-01-19.mp3
2025-04-25T15:01:50,Papoose,Great American Music Hall,Great American Music Hall,April 25,KALX,/Users/kevinrodriguez/Documents/GitHub/arachnaradio/data/clips/kalx_clip_2025-04-25_15-01-50.mp3
2025-04-25T15:28:25,Papoose,Great American Music Hall,Great American Music Hall,April 25,KALX,/Users/kevinrodriguez/Documents/GitHub/arachnaradio/data/clips/kalx_clip_2025-04-25_15-28-25.mp3
2025-04-25T15:29:20,Portals,The Back Room,The Back Room,April 25,KALX,/Users/kevinrodriguez/Documents/GitHub/arachnaradio/data/clips/kalx_clip_2025-04-25_15-29-20.mp3
2025-04-25T15:29:20,Edgardo Cambon,The Freight,The Freight,April 25,KALX,/Users/kevinrodriguez/Documents/GitHub/arachnaradio/data/clips/kalx_clip_2025-04-25_15-29-20.mp3
2025-04-25T15:29:20,"Smoke, sludge bucket, volume, Van Gozier",Ivy Room,Ivy Room,April 25,KALX,/Users/kevinrodriguez/Documents/GitHub/arachnaradio/data/clips/kalx_clip_2025-04-25_15-29-20.mp3
2025-04-25T15:29:20,Trash,Stakehold Deli,Stakehold Deli,April 25,KALX,/Users/kevinrodriguez/Documents/GitHub/arachnaradio/data/clips/kalx_clip_2025-04-25_15-29-20.mp3
2025-04-25T15:29:20,"Don, Dear Marianne, Summer Brews",Unknown,Unknown,Unknown,KALX,/Users/kevinrodriguez/Documents/GitHub/arachnaradio/data/clips/kalx_clip_2025-04-25_15-29-20.mp3
2025-04-25T15:29:20,"Los Regres, Callejeros",Starline Social Club,Starry Plow,April 25,KALX,/Users/kevinrodriguez/Documents/GitHub/arachnaradio/data/clips/kalx_clip_2025-04-25_15-29-20.mp3
2025-04-25T15:29:20,"Juice Bumps, Freak No Hitter, Surplus 1980, Fuzz Kit",Thee Stork Club,The Stork Club,April 25,KALX,/Users/kevinrodriguez/Documents/GitHub/arachnaradio/data/clips/kalx_clip_2025-04-25_15-29-20.mp3
2025-04-25T15:29:20,"Exodus, Death Angel, Blind Illusion, Nukem",UC Theatre,UC Theater,April 25,KALX,/Users/kevinrodriguez/Documents/GitHub/arachnaradio/data/clips/kalx_clip_2025-04-25_15-29-20.mp3
2025-04-25T15:29:20,Unknown,Yoshi’s,Yoshi's,Unknown,KALX,/Users/kevinrodriguez/Documents/GitHub/arachnaradio/data/clips/kalx_clip_2025-04-25_15-29-20.mp3
2025-04-25T15:30:15,"Sidus, Death Angel, Blind Illusion, Newcomb",Yoshi’s,Yoshi’s,April 25,KALX,/Users/kevinrodriguez/Documents/GitHub/arachnaradio/data/clips/kalx_clip_2025-04-25_15-30-15.mp3
2025-04-25T15:30:15,Ayo Brahme,Great American Music Hall,Zellerbach Hall,April 25,KALX,/Users/kevinrodriguez/Documents/GitHub/arachnaradio/data/clips/kalx_clip_2025-04-25_15-30-15.mp3
2025-04-25T15:30:15,Maribba,Bimbo's 365 Club,Bimbo's 365 Club,April 25,KALX,/Users/kevinrodriguez/Documents/GitHub/arachnaradio/data/clips/kalx_clip_2025-04-25_15-30-15.mp3
2025-04-25T15:30:15,Artur Meneses,Brick & Mortar Music Hall,Biscuits and Blues,April 25,KALX,/Users/kevinrodriguez/Documents/GitHub/arachnaradio/data/clips/kalx_clip_2025-04-25_15-30-15.mp3
2025-04-25T15:30:15,"The Chinese-American Bear, Business School, Still Deer",Bottom of the Hill,Bottom of the Hill,April 25,KALX,/Users/kevinrodriguez/Documents/GitHub/arachnaradio/data/clips/kalx_clip_2025-04-25_15-30-15.mp3
2025-04-25T15:30:15,Sabrina Shauna,Brick & Mortar Music Hall,Brick and Mortar Music Hall,April 25,KALX,/Users/kevinrodriguez/Documents/GitHub/arachnaradio/data/clips/kalx_clip_2025-04-25_15-30-15.mp3
2025-04-25T15:30:15,"M.B Hold, E.Wolfe",Cafe Du Nord,Cafe Du Nord,April 25,KALX,/Users/kevinrodriguez/Documents/GitHub/arachnaradio/data/clips/kalx_clip_2025-04-25_15-30-15.mp3
2025-04-25T15:30:15,Lurken Poe,The Fillmore,The Fillmore,April 25,KALX,/Users/kevinrodriguez/Documents/GitHub/arachnaradio/data/clips/kalx_clip_2025-04-25_15-30-15.mp3
2025-04-25T15:30:15,"Hit Me Harold, Charity Kiss, Green Cat",4 Star Theater,Four Star Theater,April 25,KALX,/Users/kevinrodriguez/Documents/GitHub/arachnaradio/data/clips/kalx_clip_2025-04-25_15-30-15.mp3
2025-04-25T15:30:15,Papoose,Great American Music Hall,Great American Music Hall,April 25,KALX,/Users/kevinrodriguez/Documents/GitHub/arachnaradio/data/clips/kalx_clip_2025-04-25_15-30-15.mp3
2025-04-25T15:30:15,Buzzy Fretz and Surf Monster,Hotel Utah,Hotel Utah,April 25,KALX,/Users/kevinrodriguez/Documents/GitHub/arachnaradio/data/clips/kalx_clip_2025-04-25_15-30-15.mp3
2025-04-25T15:30:15,"Chase, Petra, Small Crush",The Independent,The Independent,Unknown,KALX,/Users/kevinrodriguez/Documents/GitHub/arachnaradio/data/clips/kalx_clip_2025-04-25_15-30-15.mp3
2025-04-25T15:31:10,"Chase Petra, Small Crush",Kilowatt,The Kilowatt,April 25,KALX,/Users/kevinrodriguez/Documents/GitHub/arachnaradio/data/clips/kalx_clip_2025-04-25_15-31-10.mp3
2025-04-25T15:31:10,"Box Elder, Mommy Mommy, Startle",Knockout,The Knockout,April 25,KALX,/Users/kevinrodriguez/Documents/GitHub/arachnaradio/data/clips/kalx_clip_2025-04-25_15-31-10.mp3
2025-04-25T15:31:10,The Killer Queen Drag Show and Dance Party,Neck of the Woods,Neck of the Woods,April 25,KALX,/Users/kevinrodriguez/Documents/GitHub/arachnaradio/data/clips/kalx_clip_2025-04-25_15-31-10.mp3
2025-04-25T15:31:10,"More Fatter, Ranger",Regency Ballroom,Regency Ballroom,April 25,KALX,/Users/kevinrodriguez/Documents/GitHub/arachnaradio/data/clips/kalx_clip_2025-04-25_15-31-10.mp3
2025-04-25T15:31:10,"G Cook, Rick Farron",SFJAZZ Center,SFJAZZ Center,April 25,KALX,/Users/kevinrodriguez/Documents/GitHub/arachnaradio/data/clips/kalx_clip_2025-04-25_15-31-10.mp3
2025-04-25T15:31:10,Super Diamond (Neil Diamond Tribute),Sweetwater Music Hall,Sweetwater Music Hall,Unknown,KALX,/Users/kevinrodriguez/Documents/GitHub/arachnaradio/data/clips/kalx_clip_2025-04-25_15-31-10.mp3
2025-04-25T15:31:10,"Jazz Mafia, Jefferson Bergy",Great American Music Hall,Music City,May 2,KALX,/Users/kevinrodriguez/Documents/GitHub/arachnaradio/data/clips/kalx_clip_2025-04-25_15-31-10.mp3
2025-04-25T15:51:20,Unknown,Eagle,Eagle,April 25,KALX,/Users/kevinrodriguez/Documents/GitHub/arachnaradio/data/clips/kalx_clip_2025-04-25_15-51-20.mp3
2025-04-25T15:52:15,Unknown,Eagle,Eagle,April 25,KALX,/Users/kevinrodriguez/Documents/GitHub/arachnaradio/data/clips/kalx_clip_2025-04-25_15-52-15.mp3
2025-04-25T16:31:40,"C, David Jay, and Comrades, Bauhaus, Love and Rockets, Night Crickets, Mojave, Phone Booth, Rain Parade, Prairie Prince, Frightwig, Screaming Bloody Marys",Great American Music Hall,Great American Music Hall,May 4,KALX,/Users/kevinrodriguez/Documents/GitHub/arachnaradio/data/clips/kalx_clip_2025-04-25_16-31-40.mp3
2025-04-25T15:32:05,"Brontes Purnell, Black Bibles, Acid Barbie",Thee Stork Club,Thee Stork Club,April 29,KALX,data/clips/kalx_clip_2025-04-25_15-32-05.mp3
2025-04-25T15:31:10,"Chase, Petra, Small Crush",The Independent,The Independent,Unknown,KALX,data/clips/kalx_clip_2025-04-25_15-31-10.mp3
2025-04-25T15:31:10,"Box Elder, Mommy Mommy, Startle",Kilowatt,Kilowatt,Unknown,KALX,data/clips/kalx_clip_2025-04-25_15-31-10.mp3
2025-04-25T15:31:10,Killer Queen (Drag Show and Dance Party),Knockout,Knockout,Unknown,KALX,data/clips/kalx_clip_2025-04-25_15-31-10.mp3
2025-04-25T15:31:10,"More Fatter, Ranger",Neck of the Woods,Neck of the Woods,Unknown,KALX,data/clips/kalx_clip_2025-04-25_15-31-10.mp3
2025-04-25T15:31:10,"A.G. Cook, Rick Ferron",Regency Ballroom,Regency Ballroom,Unknown,KALX,data/clips/kalx_clip_2025-04-25_15-31-10.mp3
2025-04-25T15:31:10,Kronos Festival,SFJAZZ Center,SFJAZZ Center,Unknown,KALX,data/clips/kalx_clip_2025-04-25_15-31-10.mp3
2025-04-25T15:31:10,Super Diamond (Neil Diamond tribute),Sweetwater Music Hall,Sweetwater Music Hall,Unknown,KALX,data/clips/kalx_clip_2025-04-25_15-31-10.mp3
2025-04-25T15:31:10,Jazz Mafia and Jefferson Burgi,Great American Music Hall,Music City,May 2,KALX,data/clips/kalx_clip_2025-04-25_15-31-10.mp3
2025-04-25T15:31:10,Brontes Purnell with Blackbird,Unknown,Unknown,Unknown,KALX,data/clips/kalx_clip_2025-04-25_15-31-10.mp3
2025-04-27T02:22:24,Foxtail's Brigade,Fox Theater,Fox Theater,April 27,KALX,/Users/kevinrodriguez/Documents/GitHub/arachnaradio/data/clips/kalx_clip_2025-04-27_02-22-24.mp3
2025-04-25T15:31:10,"Chase, Petra, and Small Crush",The Independent,The Independent,April 25,KALX,data/clips/kalx_clip_2025-04-25_15-31-10.mp3
2025-04-25T15:31:10,"Box Elder, Mommy Mommy, and Startle",Kilowatt,Kilowatt,April 25,KALX,data/clips/kalx_clip_2025-04-25_15-31-10.mp3
2025-04-25T15:31:10,Killer Queen Drag Show and Dance Party,Knockout,The Knockout,April 25,KALX,data/clips/kalx_clip_2025-04-25_15-31-10.mp3
2025-04-25T15:31:10,More Fatter and Ranger,Neck of the Woods,Neck of the Woods,April 25,KALX,data/clips/kalx_clip_2025-04-25_15-31-10.mp3
2025-04-25T15:31:10,A.G. Cook and Rick Ferron,Regency Ballroom,Regency Ballroom,April 25,KALX,data/clips/kalx_clip_2025-04-25_15-31-10.mp3
2025-04-25T15:31:10,The Kronos Festival,SFJAZZ Center,SF Jazz Center,April 25,KALX,data/clips/kalx_clip_2025-04-25_15-31-10.mp3
2025-04-25T15:31:10,Super Diamond,Sweetwater Music Hall,Sweetwater Music Hall,April 25,KALX,data/clips/kalx_clip_2025-04-25_15-31-10.mp3
2025-04-25T15:31:10,Jazz Mafia and Jefferson Burgi,Great American Music Hall,Music City,May 2,KALX,data/clips/kalx_clip_2025-04-25_15-31-10.mp3
2025-04-25T15:31:10,"Chase, Petra, Small Crush",The Independent,The Independent,Unknown,KALX,data/clips/kalx_clip_2025-04-25_15-31-10.mp3
2025-04-25T15:31:10,"Box Elder, Mommy Mommy, Startle",Kilowatt,Kilowatt,Unknown,KALX,data/clips/kalx_clip_2025-04-25_15-31-10.mp3
2025-04-25T15:31:10,Killer Queen Drag Show and Dance Party,Knockout,Knockout,Unknown,KALX,data/clips/kalx_clip_2025-04-25_15-31-10.mp3
2025-04-25T15:31:10,"More Fatter, Ranger",Neck of the Woods,Neck of the Woods,Unknown,KALX,data/clips/kalx_clip_2025-04-25_15-31-10.mp3
2025-04-25T15:31:10,"A.G. Cook, Rick Ferron",Regency Ballroom,Regency Ballroom,Unknown,KALX,data/clips/kalx_clip_2025-04-25_15-31-10.mp3
2025-04-25T15:31:10,Kronos Festival,SFJAZZ Center,SFJAZZ Center,Unknown,KALX,data/clips/kalx_clip_2025-04-25_15-31-10.mp3
2025-04-25T15:31:10,Super Diamond (Neil Diamond tribute),Sweetwater Music Hall,Sweetwater Music Hall,Unknown,KALX,data/clips/kalx_clip_2025-04-25_15-31-10.mp3
2025-04-25T15:31:10,"Jazz Mafia, Jefferson Burgi",Great American Music Hall,Music City,May 2nd,KALX,data/clips/kalx_clip_2025-04-25_15-31-10.mp3
2025-04-25T15:31:10,Brontes Purnell with Blackbird,Unknown,Unknown,Unknown,KALX,data/clips/kalx_clip_2025-04-25_15-31-10.mp3
2025-04-27T03:15:04,Unknown,Eagle,Eagle,April 27,KALX,/Users/kevinrodriguez/Documents/GitHub/arachnaradio/data/clips/kalx_clip_2025-04-27_03-15-04.mp3
2025-04-27T14:32:49,Circuit Deux,The Independent,The Independent,Unknown,KALX,/Users/kevinrodriguez/Documents/GitHub/arachnaradio/data/clips/kalx_clip_2025-04-27_14-32-49.mp3
2025-04-27T14:32:49,The Roxy Theater,Unknown,Unknown,Unknown,KALX,/Users/kevinrodriguez/Documents/GitHub/arachnaradio/data/clips/kalx_clip_2025-04-27_14-32-49.mp3
2025-04-27T15:27:27,Wilco,Fox Theater,Fox Theater,Unknown,KALX,/Users/kevinrodriguez/Documents/GitHub/arachnaradio/data/clips/kalx_clip_2025-04-27_15-27-27.mp3
2025-04-27T15:30:17,test stream bullets between tongues journal patina and forever and always,924 Gilman,924 Gilman,April 27,KALX,/Users/kevinrodriguez/Documents/GitHub/arachnaradio/data/clips/kalx_clip_2025-04-27_15-30-17.mp3
2025-04-27T15:30:17,Mike Beck,The Back Room,The Back Room,April 27,KALX,/Users/kevinrodriguez/Documents/GitHub/arachnaradio/data/clips/kalx_clip_2025-04-27_15-30-17.mp3
2025-04-27T15:30:17,Church of the Buzzard will have brutal sound effects festival,Fox Theater,Fox Theater,April 27,KALX,/Users/kevinrodriguez/Documents/GitHub/arachnaradio/data/clips/kalx_clip_2025-04-27_15-30-17.mp3
2025-04-27T15:30:17,"Barry can't swim, Nish Kumar",Ivy Room,Ivy Room,April 27,KALX,/Users/kevinrodriguez/Documents/GitHub/arachnaradio/data/clips/kalx_clip_2025-04-27_15-30-17.mp3
2025-04-27T15:30:17,paper satellites the lemon hammer Nashville honeymoon and more,Thee Stork Club,The Stork Club,April 27,KALX,/Users/kevinrodriguez/Documents/GitHub/arachnaradio/data/clips/kalx_clip_2025-04-27_15-30-17.mp3
2025-04-27T15:30:17,for lust velocity pillow pillow pillow and trencher,UC Theatre,UC Theatre,April 27,KALX,/Users/kevinrodriguez/Documents/GitHub/arachnaradio/data/clips/kalx_clip_2025-04-27_15-30-17.mp3
2025-04-27T15:30:17,obituary nails terror spirit world in pest control,Great American Music Hall,Zeller Bach Hall,April 27,KALX,/Users/kevinrodriguez/Documents/GitHub/arachnaradio/data/clips/kalx_clip_2025-04-27_15-30-17.mp3
2025-04-27T15:30:17,English concert,Yoshi’s,Yoshi's,Unknown,KALX,/Users/kevinrodriguez/Documents/GitHub/arachnaradio/data/clips/kalx_clip_2025-04-27_15-30-17.mp3
2025-04-27T15:33:07,"Streetwater Music Hall, Galaxy Chain, Chime School, Me Now, Kitchenettes, Catsey Pline",Thrill House Records,Thrill House Records,April 27,KALX,/Users/kevinrodriguez/Documents/GitHub/arachnaradio/data/clips/kalx_clip_2025-04-27_15-33-07.mp3
2025-04-27T15:33:07,CN Blue,Warfield,The Warfield,April 27,KALX,/Users/kevinrodriguez/Documents/GitHub/arachnaradio/data/clips/kalx_clip_2025-04-27_15-33-07.mp3
2025-04-27T15:33:07,Jazz Mafia and Jefferson Burgi,Great American Music Hall,Music City,May 2,KALX,/Users/kevinrodriguez/Documents/GitHub/arachnaradio/data/clips/kalx_clip_2025-04-27_15-33-07.mp3
2025-04-27T18:30:29,"Test Dream, Bullets Between Tongues, Journal, Patina, Forever and Always",924 Gilman,924 Gilman,April 27,KALX,/Users/kevinrodriguez/Documents/GitHub/arachnaradio/data/clips/kalx_clip_2025-04-27_18-30-29.mp3
2025-04-27T18:30:29,Mike Beck,The Back Room,The Back Room,Unknown,KALX,/Users/kevinrodriguez/Documents/GitHub/arachnaradio/data/clips/kalx_clip_2025-04-27_18-30-29.mp3
2025-04-27T18:30:29,Brutal Soundforce Sound Effects Festival,The Lost Church,Church of the Buzzard,April 27,KALX,/Users/kevinrodriguez/Documents/GitHub/arachnaradio/data/clips/kalx_clip_2025-04-27_18-30-29.mp3
2025-04-27T18:30:29,Barry Can't Swim and Anish Kumar,Fox Theater,Fox Theater,April 27,KALX,/Users/kevinrodriguez/Documents/GitHub/arachnaradio/data/clips/kalx_clip_2025-04-27_18-30-29.mp3
2025-04-27T18:30:29,"Paper Satellites, The Lemon Hammer, Nashville Honeymoon, and more",Ivy Room,Ivy Room,April 27,KALX,/Users/kevinrodriguez/Documents/GitHub/arachnaradio/data/clips/kalx_clip_2025-04-27_18-30-29.mp3
2025-04-27T18:30:29,"Borlust, Velocity, Palau, and Trencher",Thee Stork Club,The Stork Club,Unknown,KALX,/Users/kevinrodriguez/Documents/GitHub/arachnaradio/data/clips/kalx_clip_2025-04-27_18-30-29.mp3
2025-04-27T18:30:29,"Obituary, Nails, Terror, Spirit World, and Pest Control",UC Theatre,UC Theatre,April 27,KALX,/Users/kevinrodriguez/Documents/GitHub/arachnaradio/data/clips/kalx_clip_2025-04-27_18-30-29.mp3
2025-04-27T18:30:29,Jared Lawson,Yoshi’s,Yoshi's,Unknown,KALX,/Users/kevinrodriguez/Documents/GitHub/arachnaradio/data/clips/kalx_clip_2025-04-27_18-30-29.mp3
2025-04-27T18:30:29,The English Concert,Great American Music Hall,Zellerbach Hall,Unknown,KALX,/Users/kevinrodriguez/Documents/GitHub/arachnaradio/data/clips/kalx_clip_2025-04-27_18-30-29.mp3
2025-04-27T18:30:29,"Horse the Band, Lagrimas, Blake, and O'Thele",August Hall,August Hall,April 27,KALX,/Users/kevinrodriguez/Documents/GitHub/arachnaradio/data/clips/kalx_clip_2025-04-27_18-30-29.mp3
2025-04-27T18:30:29,"Soft Science, Hello, and Nicole Krayglow",Bottom of the Hill,Bottom of the Hill,April 27,KALX,/Users/kevinrodriguez/Documents/GitHub/arachnaradio/data/clips/kalx_clip_2025-04-27_18-30-29.mp3
2025-04-27T19:20:04,"Foxy Shazam, Lobby Boxer",Bottom of the Hill,Bottom of the Hill,May 8th,KALX,/Users/kevinrodriguez/Documents/GitHub/arachnaradio/data/clips/kalx_clip_2025-04-27_19-20-04.mp3
2025-04-27T19:21:29,Unknown,Fox Theater,Fox Theater,April 27,KALX,/Users/kevinrodriguez/Documents/GitHub/arachnaradio/data/clips/kalx_clip_2025-04-27_19-21-29.mp3
2025-04-27T20:29:29,"Pills of My Demise, I Saw the Devil, a Pretty Red Dress",Unknown,Unknown,Unknown,KALX,/Users/kevinrodriguez/Documents/GitHub/arachnaradio/data/clips/kalx_clip_2025-04-27_20-29-29.mp3
2025-04-27T20:29:29,The Pixies,Unknown,Unknown,1989,KALX,/Users/kevinrodriguez/Documents/GitHub/arachnaradio/data/clips/kalx_clip_2025-04-27_20-29-29.mp3
2025-04-27T20:29:29,The Roxy Theater (presenter),Fox Theater,The Roxy Theater,Unknown,KALX,/Users/kevinrodriguez/Documents/GitHub/arachnaradio/data/clips/kalx_clip_2025-04-27_20-29-29.mp3
2025-04-27T20:46:29,Star 99,924 Gilman,924 Gilman,April 27,KALX,/Users/kevinrodriguez/Documents/GitHub/arachnaradio/data/clips/kalx_clip_2025-04-27_20-46-29.mp3
2025-04-27T20:47:54,"Star 99, Shinobu, Genga Boys, Sunday Crew, Superworld",924 Gilman,924 Gilman,April 27,KALX,/Users/kevinrodriguez/Documents/GitHub/arachnaradio/data/clips/kalx_clip_2025-04-27_20-47-54.mp3
2025-04-27T20:47:54,I Set My Friends on Fire,Unknown,Unknown,Unknown,KALX,/Users/kevinrodriguez/Documents/GitHub/arachnaradio/data/clips/kalx_clip_2025-04-27_20-47-54.mp3
2025-04-27T20:47:54,B.B. King,Unknown,Unknown,1958,KALX,/Users/kevinrodriguez/Documents/GitHub/arachnaradio/data/clips/kalx_clip_2025-04-27_20-47-54.mp3
2025-04-27T20:47:54,Va Na Napoli,Unknown,Unknown,Unknown,KALX,/Users/kevinrodriguez/Documents/GitHub/arachnaradio/data/clips/kalx_clip_2025-04-27_20-47-54.mp3
2025-04-27T22:11:51,Unknown,The Fillmore,Fillmore District,Unknown,KALX,/Users/kevinrodriguez/Documents/GitHub/arachnaradio/data/clips/kalx_clip_2025-04-27_22-11-51.mp3
2025-04-27T23:58:00,Unknown,Fox Theater,Fox Theater,April 27,KALX,/Users/kevinrodriguez/Documents/GitHub/arachnaradio/data/clips/kalx_clip_2025-04-27_23-58-00.mp3
2025-04-28T01:54:12,Jefferson Airplane High Flying Bird,The Fillmore,The Fillmore,Unknown,KALX,/Users/kevinrodriguez/Documents/GitHub/arachnaradio/data/clips/kalx_clip_2025-04-28_01-54-12.mp3
2025-04-28T01:54:12,Judas Priest,The Fillmore,The Fillmore,Unknown,KALX,/Users/kevinrodriguez/Documents/GitHub/arachnaradio/data/clips/kalx_clip_2025-04-28_01-54-12.mp3
2025-04-28T01:55:37,Weasel,Warfield,Warfield,April 28,KALX,/Users/kevinrodriguez/Documents/GitHub/arachnaradio/data/clips/kalx_clip_2025-04-28_01-55-37.mp3
2025-04-28T01:57:02,,UC Theatre,UC Theatre,April 28,KALX,/Users/kevinrodriguez/Documents/GitHub/arachnaradio/data/clips/kalx_clip_2025-04-28_01-57-02.mp3
2025-04-28T02:49:27,Unknown,The Independent,The Independent,Unknown,KALX,/Users/kevinrodriguez/Documents/GitHub/arachnaradio/data/clips/kalx_clip_2025-04-28_02-49-27.mp3
2025-04-28T09:54:48,"Kari, Simandry 3000, MC Pause",Bottom of the Hill,Bottom of the Hill,April 30,KALX,/Users/kevinrodriguez/Documents/GitHub/arachnaradio/data/clips/kalx_clip_2025-04-28_09-54-48.mp3
2025-04-28T14:13:40,Foxtail's Brigade,Fox Theater,Fox Theater,Unknown,KALX,/Users/kevinrodriguez/Documents/GitHub/arachnaradio/data/clips/kalx_clip_2025-04-28_14-13-40.mp3
2025-04-28T14:13:40,George Benson,Unknown,Unknown,Unknown,KALX,/Users/kevinrodriguez/Documents/GitHub/arachnaradio/data/clips/kalx_clip_2025-04-28_14-13-40.mp3
2025-04-28T19:02:47,deer hoof,Rickshaw Stop,Rickshaw Stop,May 9,KALX,/Users/kevinrodriguez/Documents/GitHub/arachnaradio/data/clips/kalx_clip_2025-04-28_19-02-47.mp3
2025-04-28T19:02:47,,Fox Theater,The Roxy,Unknown,KALX,/Users/kevinrodriguez/Documents/GitHub/arachnaradio/data/clips/kalx_clip_2025-04-28_19-02-47.mp3
2025-04-28T22:02:36,Amazing Grace,Fox Theater,Fox Theater,April 28,KALX,/Users/kevinrodriguez/Documents/GitHub/arachnaradio/data/clips/kalx_clip_2025-04-28_22-02-36.mp3
2025-04-28T22:02:36,fleet foxes,Fox Theater,Fox Theater,April 28,KALX,/Users/kevinrodriguez/Documents/GitHub/arachnaradio/data/clips/kalx_clip_2025-04-28_22-02-36.mp3
2025-04-28T22:19:36,The Fruit Foxes,Fox Theater,Fox Theater,April 28,KALX,/Users/kevinrodriguez/Documents/GitHub/arachnaradio/data/clips/kalx_clip_2025-04-28_22-19-36.mp3
2025-04-29T17:12:38,Unknown,The Independent,The Independent,April 29,KALX,/Users/kevinrodriguez/Documents/GitHub/arachnaradio/data/clips/kalx_clip_2025-04-29_17-12-38.mp3
2025-04-29T18:32:17,Unknown,Thee Stork Club,Thee Stork Club,April 29,KALX,/Users/kevinrodriguez/Documents/GitHub/arachnaradio/data/clips/kalx_clip_2025-04-29_18-32-17.mp3
2025-04-29T18:32:17,Unknown,Starline Social Club,The Star Club,April 29,KALX,/Users/kevinrodriguez/Documents/GitHub/arachnaradio/data/clips/kalx_clip_2025-04-29_18-32-17.mp3
2025-04-30T02:06:51,The Blues Project,Yoshi’s,Yoshi’s,"April 30, 2025",KALX,/Users/kevinrodriguez/Documents/GitHub/arachnaradio/data/clips/kalx_clip_2025-04-30_02-06-51.mp3
2025-04-30T02:23:51,"Brian Scarry and the Shredding Tears, Kelly Stoltz, Candy Whips",The Chapel,The Chapel,April 30,KALX,/Users/kevinrodriguez/Documents/GitHub/arachnaradio/data/clips/kalx_clip_2025-04-30_02-23-51.mp3
2025-04-30T02:25:16,Kelly Stoltz and Candy Whips,The Chapel,The Chapel,May 1st,KALX,/Users/kevinrodriguez/Documents/GitHub/arachnaradio/data/clips/kalx_clip_2025-04-30_02-25-16.mp3
2025-04-30T02:25:16,"Brian Scarry and the Shredding Tears, Kelly Stoltz and Candy Whips",The Chapel,The Chapel,Unknown,KALX,/Users/kevinrodriguez/Documents/GitHub/arachnaradio/data/clips/kalx_clip_2025-04-30_02-25-16.mp3
2025-04-30T02:36:36,Squid,The Independent,The Independent,"May 4, 2025",KALX,/Users/kevinrodriguez/Documents/GitHub/arachnaradio/data/clips/kalx_clip_2025-04-30_02-36-36.mp3
2025-05-01T18:29:26,Bachata Nights,Ashkenaz,Ashkenaz,May 1st,KALX,/Users/kevinrodriguez/Documents/GitHub/arachnaradio/data/clips/kalx_clip_2025-05-01_18-29-26.mp3
2025-05-01T18:29:26,"Meat Cube, Teleco, Kinda Good, More Desolate City",Ivy Room,The Ivy Room,May 1st,KALX,/Users/kevinrodriguez/Documents/GitHub/arachnaradio/data/clips/kalx_clip_2025-05-01_18-29-26.mp3
2025-05-01T18:29:26,Anthony Ant,Starline Social Club,The Starry Plow,May 1st,KALX,/Users/kevinrodriguez/Documents/GitHub/arachnaradio/data/clips/kalx_clip_2025-05-01_18-29-26.mp3
2025-05-01T18:29:26,"Corpus Ophal, Mephitic Corpse, Embodied Torment",Thee Stork Club,The Stork Club,May 1st,KALX,/Users/kevinrodriguez/Documents/GitHub/arachnaradio/data/clips/kalx_clip_2025-05-01_18-29-26.mp3
2025-05-01T18:29:26,"Patrick, Lendiza, and Sons",Yoshi’s,Yoshi's,May 1st,KALX,/Users/kevinrodriguez/Documents/GitHub/arachnaradio/data/clips/kalx_clip_2025-05-01_18-29-26.mp3
2025-05-01T18:29:26,Ben Rice and the PDX Hustle,Brick & Mortar Music Hall,Biscuits and Blues,May 1st,KALX,/Users/kevinrodriguez/Documents/GitHub/arachnaradio/data/clips/kalx_clip_2025-05-01_18-29-26.mp3
2025-05-01T18:29:26,"Bong Father, La Sombra, Duck Plus the Parasites",Bottom of the Hill,Bottom of the Hill,May 1st,KALX,/Users/kevinrodriguez/Documents/GitHub/arachnaradio/data/clips/kalx_clip_2025-05-01_18-29-26.mp3
2025-05-01T18:29:26,Amble,Brick & Mortar Music Hall,Brick and Mortar Music Hall,May 1st,KALX,/Users/kevinrodriguez/Documents/GitHub/arachnaradio/data/clips/kalx_clip_2025-05-01_18-29-26.mp3
2025-05-01T18:29:26,"The Killens, Eric Silverman",Cafe Du Nord,Cafe du Nord,May 1st,KALX,/Users/kevinrodriguez/Documents/GitHub/arachnaradio/data/clips/kalx_clip_2025-05-01_18-29-26.mp3
2025-05-01T18:29:26,Brian,The Chapel,The Chapel,May 1st,KALX,/Users/kevinrodriguez/Documents/GitHub/arachnaradio/data/clips/kalx_clip_2025-05-01_18-29-26.mp3
2025-05-03T00:11:18,The Rumba,The Independent,The Independent,May 03,KALX,/Users/kevinrodriguez/Documents/GitHub/arachnaradio/data/clips/kalx_clip_2025-05-03_00-11-18.mp3
2025-05-03T03:30:11,"You Bet, Frico",Rickshaw Stop,Rickshaw Stop,May 7th,KALX,/Users/kevinrodriguez/Documents/GitHub/arachnaradio/data/clips/kalx_clip_2025-05-03_03-30-11.mp3
2025-05-03T03:30:11,Panda Bear,Rickshaw Stop,Rickshaw Stop,Unknown,KALX,/Users/kevinrodriguez/Documents/GitHub/arachnaradio/data/clips/kalx_clip_2025-05-03_03-30-11.mp3
2025-05-03T03:30:11,Candy Flip,Rickshaw Stop,Rickshaw Stop,Unknown,KALX,/Users/kevinrodriguez/Documents/GitHub/arachnaradio/data/clips/kalx_clip_2025-05-03_03-30-11.mp3
2025-05-03T08:30:59,"Worm rot, non-mass cartilage",924 Gilman,924 Gilman,Unknown,KALX,/Users/kevinrodriguez/Documents/GitHub/arachnaradio/data/clips/kalx_clip_2025-05-03_08-30-59.mp3
2025-05-03T08:32:24,"Wormrot, Nomas Cartilage, Merc'd and Choking Game",Ashkenaz,Ashkenaz,Unknown,KALX,/Users/kevinrodriguez/Documents/GitHub/arachnaradio/data/clips/kalx_clip_2025-05-03_08-32-24.mp3
2025-05-03T08:32:24,Howl Devine,The Back Room,Backroom,Unknown,KALX,/Users/kevinrodriguez/Documents/GitHub/arachnaradio/data/clips/kalx_clip_2025-05-03_08-32-24.mp3
2025-05-03T08:32:24,Crybaby the Hallucination,The Freight,Unspecified (implied by 'at the Freight'),Unknown,KALX,/Users/kevinrodriguez/Documents/GitHub/arachnaradio/data/clips/kalx_clip_2025-05-03_08-32-24.mp3
2025-05-03T08:32:24,"Empire of the Sun, Roy Turbo",Greek Theatre,Greek Theatre,Unknown,KALX,/Users/kevinrodriguez/Documents/GitHub/arachnaradio/data/clips/kalx_clip_2025-05-03_08-32-24.mp3
2025-05-03T08:32:24,"Wifey, Remedy and Wren and Monster Treasure",Little Hill Lounge,Little Hill Lounge,Unknown,KALX,/Users/kevinrodriguez/Documents/GitHub/arachnaradio/data/clips/kalx_clip_2025-05-03_08-32-24.mp3
2025-05-03T08:32:24,The 101s,Starline Social Club,Starry Plow,Unknown,KALX,/Users/kevinrodriguez/Documents/GitHub/arachnaradio/data/clips/kalx_clip_2025-05-03_08-32-24.mp3
2025-05-03T08:32:24,"Rat F, Sec Ed, No Kings and Taka",Eagle,Stagold Deli,Unknown,KALX,/Users/kevinrodriguez/Documents/GitHub/arachnaradio/data/clips/kalx_clip_2025-05-03_08-32-24.mp3
2025-05-03T08:32:24,"The Flamin' Groovies, the Flakes, the Control Freaks",Thee Stork Club,Three Stork Club,Unknown,KALX,/Users/kevinrodriguez/Documents/GitHub/arachnaradio/data/clips/kalx_clip_2025-05-03_08-32-24.mp3
2025-05-03T08:32:24,"Super Heaven, Glare, Spy and Prizeforce",UC Theatre,UC Theater,Unknown,KALX,/Users/kevinrodriguez/Documents/GitHub/arachnaradio/data/clips/kalx_clip_2025-05-03_08-32-24.mp3
2025-05-03T08:32:24,Robert Cray Band,Yoshi’s,Yoshi’s,Unknown,KALX,/Users/kevinrodriguez/Documents/GitHub/arachnaradio/data/clips/kalx_clip_2025-05-03_08-32-24.mp3
2025-05-03T08:32:24,Alabama Mike,Brick & Mortar Music Hall,Biscuits and Blues,Unknown,KALX,/Users/kevinrodriguez/Documents/GitHub/arachnaradio/data/clips/kalx_clip_2025-05-03_08-32-24.mp3
2025-05-03T08:33:49,Alabama Mike,Brick & Mortar Music Hall,Biscuits and Blues,May 03,KALX,/Users/kevinrodriguez/Documents/GitHub/arachnaradio/data/clips/kalx_clip_2025-05-03_08-33-49.mp3
2025-05-03T08:33:49,"Mad Archaic, Africali",Boom Boom Room,Boom Boom Room,May 03,KALX,/Users/kevinrodriguez/Documents/GitHub/arachnaradio/data/clips/kalx_clip_2025-05-03_08-33-49.mp3
2025-05-03T08:33:49,Grails,Expensive Stuff,Expensive Stuff,Unknown,KALX,/Users/kevinrodriguez/Documents/GitHub/arachnaradio/data/clips/kalx_clip_2025-05-03_08-33-49.mp3
2025-05-03T08:33:49,Admo,Bottom of the Hill,Bottom of the Hill,May 03,KALX,/Users/kevinrodriguez/Documents/GitHub/arachnaradio/data/clips/kalx_clip_2025-05-03_08-33-49.mp3
2025-05-03T08:33:49,Teenage Dads,Brick & Mortar Music Hall,Brick and Mortar Music Hall,May 03,KALX,/Users/kevinrodriguez/Documents/GitHub/arachnaradio/data/clips/kalx_clip_2025-05-03_08-33-49.mp3
2025-05-03T08:33:49,"Sean Hayes, John Elliott",The Chapel,The Chapel,Unknown,KALX,/Users/kevinrodriguez/Documents/GitHub/arachnaradio/data/clips/kalx_clip_2025-05-03_08-33-49.mp3
2025-05-03T08:33:49,Punk in the Park,Eagle,KAL Pal Cow Palace,Unknown,KALX,/Users/kevinrodriguez/Documents/GitHub/arachnaradio/data/clips/kalx_clip_2025-05-03_08-33-49.mp3
2025-05-03T08:33:49,The Warren Haynes Band,The Fillmore,Filmore,May 03,KALX,/Users/kevinrodriguez/Documents/GitHub/arachnaradio/data/clips/kalx_clip_2025-05-03_08-33-49.mp3
2025-05-03T08:33:49,"Borla Rasa, Ladonia Mamboleo Group of Four One Five, Amanda Magana",The Independent,The Independent,May 03,KALX,/Users/kevinrodriguez/Documents/GitHub/arachnaradio/data/clips/kalx_clip_2025-05-03_08-33-49.mp3
2025-05-03T08:33:49,"Mark Sebelia, Daniel Saint Black, Garrett Adair",Knockout,Knockout,Unknown,KALX,/Users/kevinrodriguez/Documents/GitHub/arachnaradio/data/clips/kalx_clip_2025-05-03_08-33-49.mp3
2025-05-03T08:33:49,"Mushroom Juice, The Towns and Rival Plague Boyfriends",Make Out Room,Makeout Room,Unknown,KALX,/Users/kevinrodriguez/Documents/GitHub/arachnaradio/data/clips/kalx_clip_2025-05-03_08-33-49.mp3
2025-05-03T08:33:49,Dean Lewis and Henry Moody,Regency Ballroom,Regency Ballroom,Unknown,KALX,/Users/kevinrodriguez/Documents/GitHub/arachnaradio/data/clips/kalx_clip_2025-05-03_08-33-49.mp3
2025-05-03T08:33:49,"Pity Party, The Hayds, Pillow Prints",Rickshaw Stop,Rickshaw Stop,Unknown,KALX,/Users/kevinrodriguez/Documents/GitHub/arachnaradio/data/clips/kalx_clip_2025-05-03_08-33-49.mp3
2025-05-03T08:33:49,"Seal McLaurin, Solvent, Las Cafeteras",SFJAZZ Center,SFJAZZ Center,Unknown,KALX,/Users/kevinrodriguez/Documents/GitHub/arachnaradio/data/clips/kalx_clip_2025-05-03_08-33-49.mp3
2025-05-03T08:33:49,Anise and Gio,Warfield,The Warfield,Unknown,KALX,/Users/kevinrodriguez/Documents/GitHub/arachnaradio/data/clips/kalx_clip_2025-05-03_08-33-49.mp3
2025-05-03T08:52:14,"Riff Mama, Kinda Good, Sheesh Mahal",Bottom of the Hill,Bottom of the Hill,"May 7th, 2025",KALX,/Users/kevinrodriguez/Documents/GitHub/arachnaradio/data/clips/kalx_clip_2025-05-03_08-52-14.mp3
2025-05-03T08:53:39,"Riff Mama, Shishma Hall",Bottom of the Hill,Bottom of the Hill,May 7th,KALX,/Users/kevinrodriguez/Documents/GitHub/arachnaradio/data/clips/kalx_clip_2025-05-03_08-53-39.mp3
2025-05-03T11:19:06,Sleigh Bells,August Hall,August Hall,May 13,KALX,/Users/kevinrodriguez/Documents/GitHub/arachnaradio/data/clips/kalx_clip_2025-05-03_11-19-06.mp3
2025-05-03T12:07:17,Circuit to Zoo,The Chapel,The Chapel,May 03,KALX,/Users/kevinrodriguez/Documents/GitHub/arachnaradio/data/clips/kalx_clip_2025-05-03_12-07-17.mp3
2025-05-03T12:07:17,Hailey 4,The Chapel,The Chapel,Unknown,KALX,/Users/kevinrodriguez/Documents/GitHub/arachnaradio/data/clips/kalx_clip_2025-05-03_12-07-17.mp3
2025-05-03T12:14:22,Circuit to Zoo,The Chapel,The Chapel,"May 03, 2025",KALX,/Users/kevinrodriguez/Documents/GitHub/arachnaradio/data/clips/kalx_clip_2025-05-03_12-14-22.mp3
2025-05-03T15:55:57,Unknown,Fox Theater,Fox Theater,May 03,KALX,/Users/kevinrodriguez/Documents/GitHub/arachnaradio/data/clips/kalx_clip_2025-05-03_15-55-57.mp3
2025-05-04T00:01:14,The Cadillac's,Unknown,Unknown,"May 04, 2025",KALX,/Users/kevinrodriguez/Documents/GitHub/arachnaradio/data/clips/kalx_clip_2025-05-04_00-01-14.mp3
2025-05-04T00:01:14,"The Gender Wave and his guests, Woe",Unknown,Unknown,"May 03, 2025",KALX,/Users/kevinrodriguez/Documents/GitHub/arachnaradio/data/clips/kalx_clip_2025-05-04_00-01-14.mp3
2025-05-04T00:40:54,Philip Perkins,Unknown,Unknown,Unknown,KALX,/Users/kevinrodriguez/Documents/GitHub/arachnaradio/data/clips/kalx_clip_2025-05-04_00-40-54.mp3
2025-05-04T00:40:54,Eidolon (Artist),Greek Theatre,Greek Theatre,Unknown,KALX,/Users/kevinrodriguez/Documents/GitHub/arachnaradio/data/clips/kalx_clip_2025-05-04_00-40-54.mp3
2025-04-27T18:31:54,"Truck Fighters, The Well, Restless Spirit",The Independent,,April 27,KALX,data/clips/kalx_clip_2025-04-27_18-31-54.mp3
2025-04-27T18:31:54,Circuit Deux and Layla,The Chapel,,April 27,KALX,data/clips/kalx_clip_2025-04-27_18-31-54.mp3
2025-04-27T18:31:54,Chris Hausman,Hotel Utah,,April 27,KALX,data/clips/kalx_clip_2025-04-27_18-31-54.mp3
2025-04-27T18:31:54,Sarah and the Sundays,Brick & Mortar Music Hall,,Unknown,KALX,data/clips/kalx_clip_2025-04-27_18-31-54.mp3
2025-04-27T18:31:54,Josh Radnor and Ari Tibby,Great American Music Hall,,April 27,KALX,data/clips/kalx_clip_2025-04-27_18-31-54.mp3
2025-04-27T18:31:54,CNBLUE,The Warfield,,April 27,KALX,data/clips/kalx_clip_2025-04-27_18-31-54.mp3
2025-04-27T18:31:54,"Jessie, Dain Natal, Tom Heyman",Sweetwater Music Hall,,April 27,KALX,data/clips/kalx_clip_2025-04-27_18-31-54.mp3
2025-04-27T18:31:54,Seza,Rickshaw Stop,,April 27,KALX,data/clips/kalx_clip_2025-04-27_18-31-54.mp3
2025-04-27T18:31:54,Kronos Festival,SFJazz Center,,April 27,KALX,data/clips/kalx_clip_2025-04-27_18-31-54.mp3
2025-04-27T18:31:54,"I Hate God, The Dwarves, Lusis... Lewis... Lusis... Lucidal... Lewis-idle... Lewis-idle",DNA Lounge,,April 27,KALX,data/clips/kalx_clip_2025-04-27_18-31-54.mp3
2025-04-27T18:31:54,Camper Van Beethoven,The Fillmore,,April 27,KALX,data/clips/kalx_clip_2025-04-27_18-31-54.mp3
2025-04-27T18:31:54,"Heaven's Club, Teal Pop, Healing Potpourri, Ye Ming",Kilowatt,,April 27,KALX,data/clips/kalx_clip_2025-04-27_18-31-54.mp3
2025-05-04T03:28:05,Wilco,Fox Theater,Fox Theater,2002,KALX,/Users/kevinrodriguez/Documents/GitHub/arachnaradio/data/clips/kalx_clip_2025-05-04_03-28-05.mp3
2025-05-04T03:30:55,"test stream bullets, tongues journal, patina, forever and always",924 Gilman,924 Gilman,April 27,KALX,/Users/kevinrodriguez/Documents/GitHub/arachnaradio/data/clips/kalx_clip_2025-05-04_03-30-55.mp3
2025-05-04T03:30:55,Mike Beck,The Back Room,The Back Room,April 27,KALX,/Users/kevinrodriguez/Documents/GitHub/arachnaradio/data/clips/kalx_clip_2025-05-04_03-30-55.mp3
2025-05-04T03:30:55,"Church of the buzzard, brutal sound effects festival",Fox Theater,Fox Theater,April 27,KALX,/Users/kevinrodriguez/Documents/GitHub/arachnaradio/data/clips/kalx_clip_2025-05-04_03-30-55.mp3
2025-05-04T03:30:55,"Berry can't swim, Anish Kumar",Ivy Room,The Ivy Room,April 27,KALX,/Users/kevinrodriguez/Documents/GitHub/arachnaradio/data/clips/kalx_clip_2025-05-04_03-30-55.mp3
2025-05-04T03:30:55,"Paper satellites, The lemon hammer, nashville honeymoon",Thee Stork Club,Stork Club,April 27,KALX,/Users/kevinrodriguez/Documents/GitHub/arachnaradio/data/clips/kalx_clip_2025-05-04_03-30-55.mp3
2025-05-04T03:30:55,"For lust velocity, pillow pillow pillow, trencher",UC Theatre,UC Theatre,April 27,KALX,/Users/kevinrodriguez/Documents/GitHub/arachnaradio/data/clips/kalx_clip_2025-05-04_03-30-55.mp3
2025-05-04T03:30:55,"Obituary, nails, terror spirit, world, pest control",Great American Music Hall,Zellerbock Hall,April 27,KALX,/Users/kevinrodriguez/Documents/GitHub/arachnaradio/data/clips/kalx_clip_2025-05-04_03-30-55.mp3
2025-05-04T03:30:55,Jared Lawson,Yoshi’s,Yoshi’s,Unknown,KALX,/Users/kevinrodriguez/Documents/GitHub/arachnaradio/data/clips/kalx_clip_2025-05-04_03-30-55.mp3
2025-05-04T03:30:55,"horse the band, legrimas flake, othiol",August Hall,August Hall,Unknown,KALX,/Users/kevinrodriguez/Documents/GitHub/arachnaradio/data/clips/kalx_clip_2025-05-04_03-30-55.mp3
2025-05-04T03:30:55,"soft science, hello",Unknown,Unknown,Unknown,KALX,/Users/kevinrodriguez/Documents/GitHub/arachnaradio/data/clips/kalx_clip_2025-05-04_03-30-55.mp3
2025-04-27T18:31:54,Circuit Deux and Layla,The Chapel,,April 27,KALX,data/clips/kalx_clip_2025-04-27_18-31-54.mp3
2025-04-27T18:31:54,Camper Van Beethoven,The Fillmore,,April 27,KALX,data/clips/kalx_clip_2025-04-27_18-31-54.mp3
2025-04-27T18:31:54,CNBLUE,The Warfield,,April 27,KALX,data/clips/kalx_clip_2025-04-27_18-31-54.mp3
2025-04-27T18:31:54,"Heaven's Club, Teal Pop, Healing Potpourri, Ye Ming",Kilowatt,,April 27,KALX,data/clips/kalx_clip_2025-04-27_18-31-54.mp3
2025-04-27T18:31:54,Kronos Festival,SF Jazz Center,,April 27,KALX,data/clips/kalx_clip_2025-04-27_18-31-54.mp3
2025-04-27T18:31:54,Chris Hausman,Hotel Utah,,Unknown,KALX,data/clips/kalx_clip_2025-04-27_18-31-54.mp3
2025-04-27T18:31:54,Josh Radnor and Ari Tibby,Great American Music Hall,,April 27,KALX,data/clips/kalx_clip_2025-04-27_18-31-54.mp3
2025-04-27T18:31:54,"I Hate God, The Dwarves, Lusis... Lewis... Lusis... Lucidal... Lewis-idle... Lewis-idle",DNA Lounge,,April 27,KALX,data/clips/kalx_clip_2025-04-27_18-31-54.mp3
2025-04-27T18:31:54,Seza,Rickshaw Stop,,Unknown,KALX,data/clips/kalx_clip_2025-04-27_18-31-54.mp3
2025-04-27T18:31:54,"Jessie, Dain Natal, Tom Heyman",Sweetwater Music Hall,,April 27,KALX,data/clips/kalx_clip_2025-04-27_18-31-54.mp3
2025-04-27T18:31:54,"Truck Fighters, The Well, Restless Spirit",The Independent,,April 27,KALX,data/clips/kalx_clip_2025-04-27_18-31-54.mp3
2025-04-27T18:31:54,Sarah and the Sundays,Brick & Mortar Music Hall,,April 27,KALX,data/clips/kalx_clip_2025-04-27_18-31-54.mp3
2025-04-27T18:31:54,Chris Hausman,Hotel Utah,,April 27,KALX,data/clips/kalx_clip_2025-04-27_18-31-54.mp3
2025-04-27T18:31:54,CNBLUE,The Warfield,,Unknown,KALX,data/clips/kalx_clip_2025-04-27_18-31-54.mp3
2025-04-27T18:31:54,"Circuit Deux, Layla",The Chapel,,Unknown,KALX,data/clips/kalx_clip_2025-04-27_18-31-54.mp3
2025-04-27T18:31:54,Camper Van Beethoven,The Fillmore,,April 27,KALX,data/clips/kalx_clip_2025-04-27_18-31-54.mp3
2025-04-27T18:31:54,Seza,Rickshaw Stop,,April 27,KALX,data/clips/kalx_clip_2025-04-27_18-31-54.mp3
2025-04-27T18:31:54,"Jessie, Dain Natal, Tom Heyman",Sweetwater Music Hall,,April 27,KALX,data/clips/kalx_clip_2025-04-27_18-31-54.mp3
2025-04-27T18:31:54,Kronos Festival,SF Jazz Center,,April 27,KALX,data/clips/kalx_clip_2025-04-27_18-31-54.mp3
2025-04-27T18:31:54,"I Hate God, The Dwarves, Lucis-idle",DNA Lounge,,April 27,KALX,data/clips/kalx_clip_2025-04-27_18-31-54.mp3
2025-04-27T18:31:54,"Heaven's Club, Teal Pop, Healing Potpourri, Ye Ming",Kilowatt,,April 27,KALX,data/clips/kalx_clip_2025-04-27_18-31-54.mp3
2025-04-27T18:31:54,Josh Radnor and Ari Tibby,Great American Music Hall,,April 27,KALX,data/clips/kalx_clip_2025-04-27_18-31-54.mp3
2025-04-27T18:31:54,"Truck Fighters, The Well, Restless Spirit",The Independent,,April 27,KALX,data/clips/kalx_clip_2025-04-27_18-31-54.mp3
2025-04-27T18:31:54,Sarah and the Sundays,Brick & Mortar Music Hall,,Unknown,KALX,data/clips/kalx_clip_2025-04-27_18-31-54.mp3
2025-04-27T18:31:54,CNBLUE,The Warfield,,April 27,KALX,data/clips/kalx_clip_2025-04-27_18-31-54.mp3
2025-04-27T18:31:54,"I Hate God, The Dwarves, Lusis... Lewis... Lusis... Lucidal... Lewis-idle... Lewis-idle",DNA Lounge,,April 27,KALX,data/clips/kalx_clip_2025-04-27_18-31-54.mp3
2025-04-27T18:31:54,Circuit Deux and Layla,The Chapel,,April 27,KALX,data/clips/kalx_clip_2025-04-27_18-31-54.mp3
2025-04-27T18:31:54,Seza,Rickshaw Stop,,April 27,KALX,data/clips/kalx_clip_2025-04-27_18-31-54.mp3
2025-04-27T18:31:54,"Truck Fighters, The Well, Restless Spirit",The Independent,,April 27,KALX,data/clips/kalx_clip_2025-04-27_18-31-54.mp3
2025-04-27T18:31:54,"Jessie, Dain Natal, Tom Heyman",Sweetwater Music Hall,,April 27,KALX,data/clips/kalx_clip_2025-04-27_18-31-54.mp3
2025-04-27T18:31:54,Sarah and the Sundays,Brick & Mortar Music Hall,,April 27,KALX,data/clips/kalx_clip_2025-04-27_18-31-54.mp3
2025-04-27T18:31:54,"Josh Radnor, Ari Tibby",Great American Music Hall,,April 27,KALX,data/clips/kalx_clip_2025-04-27_18-31-54.mp3
2025-04-27T18:31:54,Kronos Festival,SF Jazz Center,,April 27,KALX,data/clips/kalx_clip_2025-04-27_18-31-54.mp3
2025-04-27T18:31:54,Chris Hausman,Hotel Utah,,Unknown,KALX,data/clips/kalx_clip_2025-04-27_18-31-54.mp3
2025-04-27T18:31:54,"Heaven's Club, Teal Pop, Healing Potpourri, Ye Ming",Kilowatt,,April 27,KALX,data/clips/kalx_clip_2025-04-27_18-31-54.mp3
2025-04-27T18:31:54,Camper Van Beethoven,The Fillmore,,April 27,KALX,data/clips/kalx_clip_2025-04-27_18-31-54.mp3
2025-04-27T18:31:54,Chris Hausman,Hotel Utah,,Unknown,KALX,data/clips/kalx_clip_2025-04-27_18-31-54.mp3
2025-04-27T18:31:54,Camper Van Beethoven,The Fillmore,,April 27,KALX,data/clips/kalx_clip_2025-04-27_18-31-54.mp3
2025-04-27T18:31:54,"Josh Radnor, Ari Tibby",Great American Music Hall,,April 27,KALX,data/clips/kalx_clip_2025-04-27_18-31-54.mp3
2025-04-27T18:31:54,CNBLUE,The Warfield,,April 27,KALX,data/clips/kalx_clip_2025-04-27_18-31-54.mp3
2025-04-27T18:31:54,"I Hate God, The Dwarves, Lusis... Lewis... Lusis... Lucidal... Lewis-idle... Lewis-idle",DNA Lounge,,April 27,KALX,data/clips/kalx_clip_2025-04-27_18-31-54.mp3
2025-04-27T18:31:54,Seza,Rickshaw Stop,,April 27,KALX,data/clips/kalx_clip_2025-04-27_18-31-54.mp3
2025-04-27T18:31:54,Sarah and the Sundays,Brick & Mortar Music Hall,,April 27,KALX,data/clips/kalx_clip_2025-04-27_18-31-54.mp3
2025-04-27T18:31:54,Kronos Festival,SF Jazz Center,,April 27,KALX,data/clips/kalx_clip_2025-04-27_18-31-54.mp3
2025-04-27T18:31:54,"Heaven's Club, Teal Pop, Healing Potpourri, Ye Ming",Kilowatt,,April 27,KALX,data/clips/kalx_clip_2025-04-27_18-31-54.mp3
2025-04-27T18:31:54,"Jessie, Dain Natal, Tom Heyman",Sweetwater Music Hall,,April 27,KALX,data/clips/kalx_clip_2025-04-27_18-31-54.mp3
2025-04-27T18:31:54,Circuit Deux and Layla,The Chapel,,April 27,KALX,data/clips/kalx_clip_2025-04-27_18-31-54.mp3
2025-04-27T18:31:54,"Truck Fighters, The Well, Restless Spirit",The Independent,,April 27,KALX,data/clips/kalx_clip_2025-04-27_18-31-54.mp3
2025-04-27T18:31:54,"Josh Radnor, Ari Tibby",Great American Music Hall,,April 27,KALX,data/clips/kalx_clip_2025-04-27_18-31-54.mp3
2025-04-27T18:31:54,"Truck Fighters, The Well, Restless Spirit",The Independent,,April 27,KALX,data/clips/kalx_clip_2025-04-27_18-31-54.mp3
2025-04-27T18:31:54,CNBLUE,The Warfield,,April 27,KALX,data/clips/kalx_clip_2025-04-27_18-31-54.mp3
2025-04-27T18:31:54,Sarah and the Sundays,Brick & Mortar Music Hall,,Unknown,KALX,data/clips/kalx_clip_2025-04-27_18-31-54.mp3
2025-04-27T18:31:54,"I Hate God, The Dwarves, Lusis... Lewis... Lusis... Lucidal... Lewis-idle... Lewis-idle",DNA Lounge,,April 27,KALX,data/clips/kalx_clip_2025-04-27_18-31-54.mp3
2025-04-27T18:31:54,Seza,Rickshaw Stop,,April 27,KALX,data/clips/kalx_clip_2025-04-27_18-31-54.mp3
2025-04-27T18:31:54,Chris Hausman,Hotel Utah,,April 27,KALX,data/clips/kalx_clip_2025-04-27_18-31-54.mp3
2025-04-27T18:31:54,"Heaven's Club, Teal Pop, Healing Potpourri, Ye Ming",Kilowatt,,April 27,KALX,data/clips/kalx_clip_2025-04-27_18-31-54.mp3
2025-04-27T18:31:54,"Jessie, Dain Natal, Tom Heyman",Sweetwater Music Hall,,April 27,KALX,data/clips/kalx_clip_2025-04-27_18-31-54.mp3
2025-04-27T18:31:54,Kronos Festival,SFJazz Center,,April 27,KALX,data/clips/kalx_clip_2025-04-27_18-31-54.mp3
2025-04-27T18:31:54,Camper Van Beethoven,The Fillmore,,April 27,KALX,data/clips/kalx_clip_2025-04-27_18-31-54.mp3
2025-04-27T18:31:54,Circuit Deux and Layla,The Chapel,,April 27,KALX,data/clips/kalx_clip_2025-04-27_18-31-54.mp3
2025-04-27T18:31:54,CNBLUE,The Warfield,,April 27,KALX,data/clips/kalx_clip_2025-04-27_18-31-54.mp3
2025-04-27T18:31:54,"Truck Fighters, The Well, Restless Spirit",The Independent,,April 27,KALX,data/clips/kalx_clip_2025-04-27_18-31-54.mp3
2025-04-27T18:31:54,"Heaven's Club, Teal Pop, Healing Potpourri, and Ye Ming",Kilowatt,,April 27,KALX,data/clips/kalx_clip_2025-04-27_18-31-54.mp3
2025-04-27T18:31:54,"Jessie, Dain Natal, Tom Heyman",Sweetwater Music Hall,,April 27,KALX,data/clips/kalx_clip_2025-04-27_18-31-54.mp3
2025-04-27T18:31:54,"Josh Radnor, Ari Tibby",Great American Music Hall,,April 27,KALX,data/clips/kalx_clip_2025-04-27_18-31-54.mp3
2025-04-27T18:31:54,Chris Hausman,Hotel Utah,,April 27,KALX,data/clips/kalx_clip_2025-04-27_18-31-54.mp3
2025-04-27T18:31:54,Camper Van Beethoven,The Fillmore,,April 27,KALX,data/clips/kalx_clip_2025-04-27_18-31-54.mp3
2025-04-27T18:31:54,Kronos Festival,SF Jazz Center,,April 27,KALX,data/clips/kalx_clip_2025-04-27_18-31-54.mp3
2025-04-27T18:31:54,Circuit Deux and Layla,The Chapel,,Unknown,KALX,data/clips/kalx_clip_2025-04-27_18-31-54.mp3
2025-04-27T18:31:54,Sarah and the Sundays,Brick & Mortar Music Hall,,Unknown,KALX,data/clips/kalx_clip_2025-04-27_18-31-54.mp3
2025-04-27T18:31:54,Seza,Rickshaw Stop,,Unknown,KALX,data/clips/kalx_clip_2025-04-27_18-31-54.mp3
2025-04-27T18:31:54,"I Hate God, The Dwarves, Lusis... Lewis... Lusis... Lucidal... Lewis-idle... Lewis-idle",DNA Lounge,,April 27,KALX,data/clips/kalx_clip_2025-04-27_18-31-54.mp3
2025-04-27T18:31:54,"Jessie, Dain Natal, Tom Heyman",Sweetwater Music Hall,,April 27,KALX,data/clips/kalx_clip_2025-04-27_18-31-54.mp3
2025-04-27T18:31:54,Seza,Rickshaw Stop,,April 27,KALX,data/clips/kalx_clip_2025-04-27_18-31-54.mp3
2025-04-27T18:31:54,Chris Hausman,Hotel Utah,,April 27,KALX,data/clips/kalx_clip_2025-04-27_18-31-54.mp3
2025-04-27T18:31:54,"I Hate God, The Dwarves, Lusis... Lewis... Lusis... Lucidal... Lewis-idle... Lewis-idle",DNA Lounge,,April 27,KALX,data/clips/kalx_clip_2025-04-27_18-31-54.mp3
2025-04-27T18:31:54,Josh Radnor and Ari Tibby,Great American Music Hall,,April 27,KALX,data/clips/kalx_clip_2025-04-27_18-31-54.mp3
2025-04-27T18:31:54,"Heaven's Club, Teal Pop, Healing Potpourri, Ye Ming",Kilowatt,,April 27,KALX,data/clips/kalx_clip_2025-04-27_18-31-54.mp3
2025-04-27T18:31:54,Sarah and the Sundays,Brick & Mortar Music Hall,,April 27,KALX,data/clips/kalx_clip_2025-04-27_18-31-54.mp3
2025-04-27T18:31:54,Camper Van Beethoven,The Fillmore,,April 27,KALX,data/clips/kalx_clip_2025-04-27_18-31-54.mp3
2025-04-27T18:31:54,"Truck Fighters, The Well, Restless Spirit",The Independent,,April 27,KALX,data/clips/kalx_clip_2025-04-27_18-31-54.mp3
2025-04-27T18:31:54,CNBLUE,The Warfield,,April 27,KALX,data/clips/kalx_clip_2025-04-27_18-31-54.mp3
2025-04-27T18:31:54,Kronos Festival,SFJazz Center,,April 27,KALX,data/clips/kalx_clip_2025-04-27_18-31-54.mp3
2025-04-27T18:31:54,Circuit Deux and Layla,The Chapel,,Unknown,KALX,data/clips/kalx_clip_2025-04-27_18-31-54.mp3
2025-04-27T18:31:54,"Jessie, Dain Natal, Tom Heyman",Sweetwater Music Hall,,April 27,KALX,data/clips/kalx_clip_2025-04-27_18-31-54.mp3
2025-04-27T18:31:54,Sarah and the Sundays,Brick & Mortar Music Hall,,April 27,KALX,data/clips/kalx_clip_2025-04-27_18-31-54.mp3
2025-04-27T18:31:54,"Truck Fighters, The Well, Restless Spirit",The Independent,,April 27,KALX,data/clips/kalx_clip_2025-04-27_18-31-54.mp3
2025-04-27T18:31:54,Seza,Rickshaw Stop,,Unknown,KALX,data/clips/kalx_clip_2025-04-27_18-31-54.mp3
2025-04-27T18:31:54,Chris Hausman,Hotel Utah,,April 27,KALX,data/clips/kalx_clip_2025-04-27_18-31-54.mp3
2025-04-27T18:31:54,Josh Radnor and Ari Tibby,Great American Music Hall,,April 27,KALX,data/clips/kalx_clip_2025-04-27_18-31-54.mp3
2025-04-27T18:31:54,Camper Van Beethoven,The Fillmore,,April 27,KALX,data/clips/kalx_clip_2025-04-27_18-31-54.mp3
2025-04-27T18:31:54,Camper Van Beethoven,The Fillmore,,April 27,KALX,data/clips/kalx_clip_2025-04-27_18-31-54.mp3
2025-04-27T18:31:54,"I Hate God, The Dwarves, Lusis... Lewis... Lusis... Lucidal... Lewis-idle... Lewis-idle",DNA Lounge,,April 27,KALX,data/clips/kalx_clip_2025-04-27_18-31-54.mp3
2025-04-27T18:31:54,Circuit Deux and Layla,The Chapel,,Unknown,KALX,data/clips/kalx_clip_2025-04-27_18-31-54.mp3
2025-04-27T18:31:54,"Truck Fighters, The Well, and Restless Spirit",The Independent,,April 27,KALX,data/clips/kalx_clip_2025-04-27_18-31-54.mp3
2025-04-27T18:31:54,"Jessie, Dain Natal, Tom Heyman",Sweetwater Music Hall,,April 27,KALX,data/clips/kalx_clip_2025-04-27_18-31-54.mp3
2025-04-27T18:31:54,"Heaven's Club, Teal Pop, Healing Potpourri, Ye Ming",Kilowatt,,April 27,KALX,data/clips/kalx_clip_2025-04-27_18-31-54.mp3
2025-04-27T18:31:54,Kronos Festival,SF Jazz Center,,April 27,KALX,data/clips/kalx_clip_2025-04-27_18-31-54.mp3
2025-04-27T18:31:54,Josh Radnor and Ari Tibby,Great American Music Hall,,April 27,KALX,data/clips/kalx_clip_2025-04-27_18-31-54.mp3
2025-04-27T18:31:54,Seza,Rickshaw Stop,,April 27,KALX,data/clips/kalx_clip_2025-04-27_18-31-54.mp3
2025-04-27T18:31:54,CNBLUE,The Warfield,,April 27,KALX,data/clips/kalx_clip_2025-04-27_18-31-54.mp3
2025-04-27T18:31:54,Sarah and the Sundays,Brick & Mortar Music Hall,,April 27,KALX,data/clips/kalx_clip_2025-04-27_18-31-54.mp3
2025-04-27T18:31:54,Chris Hausman,Hotel Utah,,Unknown,KALX,data/clips/kalx_clip_2025-04-27_18-31-54.mp3
2025-04-25T15:29:20,Edgardo Cambon,The Freight,,Unknown,KALX,data/clips/kalx_clip_2025-04-25_15-29-20.mp3
2025-04-25T15:29:20,"Smoke Sludge Bucket, Volume, Van Gozier",Ivy Room,,April 25,KALX,data/clips/kalx_clip_2025-04-25_15-29-20.mp3
2025-04-25T15:29:20,"Exodus, Death Angel, Blind Illusion, Nuke them",UC Theatre,,April 25,KALX,data/clips/kalx_clip_2025-04-25_15-29-20.mp3
2025-04-25T15:29:20,"Smoke Sludge Bucket, Volume, Van Gozier",The Back Room,,April 25,KALX,data/clips/kalx_clip_2025-04-25_15-29-20.mp3
2025-04-25T15:29:20,"exodus death angel, blind illusion, nuke them",Yoshi’s,,April 25,KALX,data/clips/kalx_clip_2025-04-25_15-29-20.mp3
2025-04-25T15:29:20,ice,Yoshi’s,,April 25,KALX,data/clips/kalx_clip_2025-04-25_15-29-20.mp3
2025-04-25T15:29:20,"Smoke Sludge Bucket, Volume, Van Gozier",The Back Room,,April 25,KALX,data/clips/kalx_clip_2025-04-25_15-29-20.mp3
2025-04-25T15:29:20,"Exodus, Death Angel, Blind Illusion, Nuke them",UC Theatre,,April 25,KALX,data/clips/kalx_clip_2025-04-25_15-29-20.mp3
2025-04-25T15:29:20,Edgardo Cambon,The Freight,,April 25,KALX,data/clips/kalx_clip_2025-04-25_15-29-20.mp3
2025-04-25T15:29:20,"Smoke Sludge Bucket, Volume, Van Gozier",Ivy Room,,April 25,KALX,data/clips/kalx_clip_2025-04-25_15-29-20.mp3
2025-04-25T15:29:20,"exodus death angel, blind illusion, nuke them",Yoshi’s,,April 25,KALX,data/clips/kalx_clip_2025-04-25_15-29-20.mp3
2025-04-25T15:29:20,Edgardo Cambon,The Freight,,Unknown,KALX,data/clips/kalx_clip_2025-04-25_15-29-20.mp3
2025-04-25T15:29:20,"Smoke Sludge Bucket, Volume, Van Gozier",Ivy Room,,April 25,KALX,data/clips/kalx_clip_2025-04-25_15-29-20.mp3
2025-04-25T15:29:20,"exodus death angel, blind illusion, nuke them",UC Theatre,,April 25,KALX,data/clips/kalx_clip_2025-04-25_15-29-20.mp3
2025-04-25T15:29:20,"Smoke Sludge Bucket, Volume, Van Gozier",The Back Room,,April 25,KALX,data/clips/kalx_clip_2025-04-25_15-29-20.mp3
2025-04-25T15:29:20,Edgardo Cambon,The Back Room,,April 25,KALX,data/clips/kalx_clip_2025-04-25_15-29-20.mp3
2025-04-25T15:29:20,"Smoke, Sludge Bucket, Volume, Van Gozier",Ivy Room,,April 25,KALX,data/clips/kalx_clip_2025-04-25_15-29-20.mp3
2025-04-25T15:29:20,"exodus, death angel, blind illusion, nuke them",Yoshi’s,,April 25,KALX,data/clips/kalx_clip_2025-04-25_15-29-20.mp3
2025-04-25T15:29:20,Edgardo Cambon,The Freight,,April 25,KALX,data/clips/kalx_clip_2025-04-25_15-29-20.mp3
2025-04-25T15:29:20,"Exodus, Death Angel, Blind Illusion, Nuke them",UC Theatre,,April 25,KALX,data/clips/kalx_clip_2025-04-25_15-29-20.mp3
2025-04-25T15:29:20,Edgardo Cambon,The Freight,,April 25,KALX,data/clips/kalx_clip_2025-04-25_15-29-20.mp3
2025-04-25T15:29:20,"exodus death angel, blind illusion, nuke them",Yoshi’s,,April 25,KALX,data/clips/kalx_clip_2025-04-25_15-29-20.mp3
2025-04-25T15:29:20,Unknown,The Back Room,,April 25,KALX,data/clips/kalx_clip_2025-04-25_15-29-20.mp3
2025-04-25T15:29:20,"Smoke Sludge Bucket, Volume, Van Gozier",Ivy Room,,April 25,KALX,data/clips/kalx_clip_2025-04-25_15-29-20.mp3
2025-04-25T15:29:20,"exodus death angel, blind illusion, nuke them",UC Theatre,,April 25,KALX,data/clips/kalx_clip_2025-04-25_15-29-20.mp3
2025-04-25T15:29:20,"exodus, death angel, blind illusion, nuke them",UC Theatre,,April 25,KALX,data/clips/kalx_clip_2025-04-25_15-29-20.mp3
2025-04-25T15:29:20,Edgardo Cambon,The Freight,,April 25,KALX,data/clips/kalx_clip_2025-04-25_15-29-20.mp3
2025-04-25T15:29:20,"exodus death angel, blind illusion, nuke them",Yoshi’s,,April 25,KALX,data/clips/kalx_clip_2025-04-25_15-29-20.mp3
2025-04-25T15:29:20,"Smoke Sludge Bucket, Volume, Van Gozier",The Back Room,,April 25,KALX,data/clips/kalx_clip_2025-04-25_15-29-20.mp3
2025-04-25T15:29:20,"Smoke Sludge Bucket, Volume, Van Gozier",Ivy Room,,April 25,KALX,data/clips/kalx_clip_2025-04-25_15-29-20.mp3
2025-04-25T15:29:20,Unknown,The Back Room,,April 25,KALX,data/clips/kalx_clip_2025-04-25_15-29-20.mp3
2025-04-25T15:29:20,Edgardo Cambon,The Freight,,April 25,KALX,data/clips/kalx_clip_2025-04-25_15-29-20.mp3
2025-04-25T15:29:20,"Smoke Sludge Bucket, Volume, Van Gozier",Ivy Room,,April 25,KALX,data/clips/kalx_clip_2025-04-25_15-29-20.mp3
2025-04-25T15:29:20,"Exodus, Death Angel, Blind Illusion, Nuke them",UC Theatre,,April 25,KALX,data/clips/kalx_clip_2025-04-25_15-29-20.mp3
2025-04-25T15:29:20,"exodus death angel, blind illusion, nuke them",Yoshi’s,,April 25,KALX,data/clips/kalx_clip_2025-04-25_15-29-20.mp3
2025-04-25T15:29:20,Edgardo Cambon,The Freight,,Unknown,KALX,data/clips/kalx_clip_2025-04-25_15-29-20.mp3
2025-04-25T15:29:20,"Smoke Sludge Bucket, Volume, Van Gozier",Ivy Room,,April 25,KALX,data/clips/kalx_clip_2025-04-25_15-29-20.mp3
2025-04-25T15:29:20,"Exodus, Death Angel, Blind Illusion, Nuke them",UC Theatre,,April 25,KALX,data/clips/kalx_clip_2025-04-25_15-29-20.mp3
2025-04-25T15:29:20,"Smoke Sludge Bucket, Volume, Van Gozier",The Back Room,,April 25,KALX,data/clips/kalx_clip_2025-04-25_15-29-20.mp3
2025-04-25T15:29:20,ice,Yoshi’s,,April 25,KALX,data/clips/kalx_clip_2025-04-25_15-29-20.mp3
2025-04-25T15:29:20,"Exodus, Death Angel, Blind Illusion, Nuke them",UC Theatre,,April 25,KALX,data/clips/kalx_clip_2025-04-25_15-29-20.mp3
2025-04-25T15:29:20,"exodus, death angel, blind illusion, nuke them",Yoshi’s,,April 25,KALX,data/clips/kalx_clip_2025-04-25_15-29-20.mp3
2025-04-25T15:29:20,Edgardo Cambon,The Freight,,April 25,KALX,data/clips/kalx_clip_2025-04-25_15-29-20.mp3
2025-04-25T15:29:20,"Smoke Sludge Bucket, Volume, Van Gozier",The Back Room,,April 25,KALX,data/clips/kalx_clip_2025-04-25_15-29-20.mp3
2025-04-25T15:29:20,"Smoke Sludge, Bucket, Volume, Van Gozier",Ivy Room,,April 25,KALX,data/clips/kalx_clip_2025-04-25_15-29-20.mp3
2025-04-25T15:29:20,"cumbia night with los regres kayajeros, juice bumps freak no hitter, surplus 1980, fuzz kit",Thee Stork Club,,April 25,KALX,data/clips/kalx_clip_2025-04-25_15-29-20.mp3
2025-04-25T15:29:20,Edgardo Cambon,The Freight,,April 25,KALX,data/clips/kalx_clip_2025-04-25_15-29-20.mp3
2025-04-25T15:29:20,"Exodus, Death Angel, Blind Illusion, Nuke them",UC Theatre,,April 25,KALX,data/clips/kalx_clip_2025-04-25_15-29-20.mp3
2025-04-25T15:29:20,ice,Yoshi’s,,April 25,KALX,data/clips/kalx_clip_2025-04-25_15-29-20.mp3
2025-04-25T15:29:20,"Smoke Sludge Bucket, Volume, Van Gozier",Ivy Room,,April 25,KALX,data/clips/kalx_clip_2025-04-25_15-29-20.mp3
2025-04-25T15:29:20,"Smoke, Sludge Bucket, Volume, Van Gozier",The Back Room,,April 25,KALX,data/clips/kalx_clip_2025-04-25_15-29-20.mp3
2025-04-25T15:29:20,"trish or trash trsh, donne dear marianne, summer brews",Stay Gold Deli,,April 25,KALX,data/clips/kalx_clip_2025-04-25_15-29-20.mp3
2025-04-25T15:29:20,"cumbia night with los regres kayajeros, juice bumps freak no hitter, surplus 1980, fuzz kit",Thee Stork Club,,April 25,KALX,data/clips/kalx_clip_2025-04-25_15-29-20.mp3
2025-04-25T15:29:20,"Smoke Sludge Bucket, Volume, Van Gozier",Ivy Room,,April 25,KALX,data/clips/kalx_clip_2025-04-25_15-29-20.mp3
2025-04-25T15:29:20,Edgardo Cambon,The Freight,,April 25,KALX,data/clips/kalx_clip_2025-04-25_15-29-20.mp3
2025-04-25T15:29:20,"Smoke Sludge Bucket, Volume, Van Gozier",The Back Room,,April 25,KALX,data/clips/kalx_clip_2025-04-25_15-29-20.mp3
2025-04-25T15:29:20,"Exodus, Death Angel, Blind Illusion, Nuke them",UC Theatre,,April 25,KALX,data/clips/kalx_clip_2025-04-25_15-29-20.mp3
2025-04-25T15:29:20,"exodus, death angel, blind illusion, nuke them",Yoshi’s,,April 25,KALX,data/clips/kalx_clip_2025-04-25_15-29-20.mp3
2025-04-25T15:29:20,"trish or trash trsh, donne dear marianne, summer brews",Stay Gold Deli,,April 25,KALX,data/clips/kalx_clip_2025-04-25_15-29-20.mp3
2025-04-25T15:29:20,"cumbia night with los regres kayajeros, juice bumps freak no hitter, surplus 1980, fuzz kit",Thee Stork Club,,April 25,KALX,data/clips/kalx_clip_2025-04-25_15-29-20.mp3
2025-04-25T15:28:25,Pabuz,Great American Music Hall,,April 25,KALX,data/clips/kalx_clip_2025-04-25_15-28-25.mp3
2025-04-25T15:30:15,Lurk and Poe,The Fillmore,,April 25,KALX,data/clips/kalx_clip_2025-04-25_15-30-15.mp3
2025-04-25T15:30:15,"Papoose, Rebounder",Great American Music Hall,,April 25,KALX,data/clips/kalx_clip_2025-04-25_15-30-15.mp3
2025-04-25T15:30:15,"Chinese American Bear, Business School, Still Deer",Bottom of the Hill,,April 25,KALX,data/clips/kalx_clip_2025-04-25_15-30-15.mp3
2025-04-25T15:30:15,Ayo Braame,Yoshi’s,,April 25,KALX,data/clips/kalx_clip_2025-04-25_15-30-15.mp3
2025-04-25T15:30:15,M. Behold and E. Wolf,Cafe du Nord,,April 25,KALX,data/clips/kalx_clip_2025-04-25_15-30-15.mp3
2025-04-25T15:30:15,M. Behold and E. Wolf,Cafe du Nord,,April 25,KALX,data/clips/kalx_clip_2025-04-25_15-30-15.mp3
2025-04-25T15:30:15,"Hit Me Harold, Charity Kiss, Green Cat",Four Star Theater,,April 25,KALX,data/clips/kalx_clip_2025-04-25_15-30-15.mp3
2025-04-25T15:30:15,Buzzy Fretz and Surf Monster,Hotel Utah,,April 25,KALX,data/clips/kalx_clip_2025-04-25_15-30-15.mp3
2025-04-25T15:30:15,"Chase, Petra, Small Crush",The Independent,,April 25,KALX,data/clips/kalx_clip_2025-04-25_15-30-15.mp3
2025-04-25T15:30:15,Sabrina Shana,Brick & Mortar Music Hall,,April 25,KALX,data/clips/kalx_clip_2025-04-25_15-30-15.mp3
2025-04-25T15:30:15,"The Chinese American Bear, Business School, Still Deer",Bottom of the Hill,,April 25,KALX,data/clips/kalx_clip_2025-04-25_15-30-15.mp3
2025-04-25T15:30:15,Ayo Braame,Yoshi’s,,April 25,KALX,data/clips/kalx_clip_2025-04-25_15-30-15.mp3
2025-04-25T15:30:15,"Hit Me Harold, Charity Kiss, Green Cat",4 Star Theater,,April 25,KALX,data/clips/kalx_clip_2025-04-25_15-30-15.mp3
2025-04-25T15:30:15,"Papoose, Rebounder",Great American Music Hall,,April 25,KALX,data/clips/kalx_clip_2025-04-25_15-30-15.mp3
2025-04-25T15:30:15,Lurk and Poe,The Fillmore,,April 25,KALX,data/clips/kalx_clip_2025-04-25_15-30-15.mp3
2025-04-25T15:30:15,M. Behold and E. Wolf,Cafe du Nord,,April 25,KALX,data/clips/kalx_clip_2025-04-25_15-30-15.mp3
2025-04-25T15:30:15,Buzzy Fretz and Surf Monster,Hotel Utah,,April 25,KALX,data/clips/kalx_clip_2025-04-25_15-30-15.mp3
2025-04-25T15:30:15,"Chase, Petra, Small Crush",The Independent,,April 25,KALX,data/clips/kalx_clip_2025-04-25_15-30-15.mp3
2025-04-25T15:30:15,M. Behold and E. Wolf,Cafe du Nord,,April 25,KALX,data/clips/kalx_clip_2025-04-25_15-30-15.mp3
2025-04-25T15:30:15,Unknown,Neck of the Woods,,Unknown,KALX,data/clips/kalx_clip_2025-04-25_15-30-15.mp3
2025-04-25T15:30:15,Sabrina Shana,Brick & Mortar Music Hall,,April 25,KALX,data/clips/kalx_clip_2025-04-25_15-30-15.mp3
2025-04-25T15:30:15,Unknown,Neck of the Woods,,Unknown,KALX,data/clips/kalx_clip_2025-04-25_15-30-15.mp3
2025-04-25T15:30:15,Unknown,Neck of the Woods,,Unknown,KALX,data/clips/kalx_clip_2025-04-25_15-30-15.mp3
2025-04-25T15:30:15,Unknown,Neck of the Woods,,Unknown,KALX,data/clips/kalx_clip_2025-04-25_15-30-15.mp3
2025-04-25T15:30:15,Unknown,Neck of the Woods,,Unknown,KALX,data/clips/kalx_clip_2025-04-25_15-30-15.mp3
2025-04-25T15:30:15,Ayo Braame,Yoshi’s,,Unknown,KALX,data/clips/kalx_clip_2025-04-25_15-30-15.mp3
2025-04-25T15:30:15,Buzzy Fretz and Surf Monster,Hotel Utah,,April 25,KALX,data/clips/kalx_clip_2025-04-25_15-30-15.mp3
2025-04-25T15:30:15,"M. Behold, E. Wolf",Cafe du Nord,,April 25,KALX,data/clips/kalx_clip_2025-04-25_15-30-15.mp3
2025-04-25T15:30:15,"Chase, Petra, Small Crush",The Independent,,April 25,KALX,data/clips/kalx_clip_2025-04-25_15-30-15.mp3
2025-04-25T15:30:15,M. Behold and E. Wolf,Cafe du Nord,,April 25,KALX,data/clips/kalx_clip_2025-04-25_15-30-15.mp3
2025-04-25T15:30:15,"Hit Me Harold, Charity Kiss, Green Cat",Four Star Theater,,April 25,KALX,data/clips/kalx_clip_2025-04-25_15-30-15.mp3
2025-04-25T15:30:15,Lurk and Poe,The Fillmore,,April 25,KALX,data/clips/kalx_clip_2025-04-25_15-30-15.mp3
2025-04-25T15:30:15,"Papoose, Rebounder",Great American Music Hall,,April 25,KALX,data/clips/kalx_clip_2025-04-25_15-30-15.mp3
2025-04-25T15:30:15,"Chinese American Bear, Business School, Still Deer",Bottom of the Hill,,April 25,KALX,data/clips/kalx_clip_2025-04-25_15-30-15.mp3
2025-04-25T15:30:15,Sabrina Shana,Brick & Mortar Music Hall,,April 25,KALX,data/clips/kalx_clip_2025-04-25_15-30-15.mp3
2025-04-25T15:30:15,M. Behold and E. Wolf,Cafe du Nord,,April 25,KALX,data/clips/kalx_clip_2025-04-25_15-30-15.mp3
2025-04-25T15:30:15,"The Chinese American Bear, Business School, Still Deer",Bottom of the Hill,,April 25,KALX,data/clips/kalx_clip_2025-04-25_15-30-15.mp3
2025-04-25T15:30:15,Lurk and Poe,The Fillmore,,April 25,KALX,data/clips/kalx_clip_2025-04-25_15-30-15.mp3
2025-04-25T15:30:15,"Hit Me Harold, Charity Kiss, Green Cat",4 Star Theater,,April 25,KALX,data/clips/kalx_clip_2025-04-25_15-30-15.mp3
2025-04-25T15:30:15,Ayo Braame,Yoshi’s,,April 25,KALX,data/clips/kalx_clip_2025-04-25_15-30-15.mp3
2025-04-25T15:30:15,M. Behold and E. Wolf,Cafe du Nord,,April 25,KALX,data/clips/kalx_clip_2025-04-25_15-30-15.mp3
2025-04-25T15:30:15,Buzzy Fretz and Surf Monster,Hotel Utah,,April 25,KALX,data/clips/kalx_clip_2025-04-25_15-30-15.mp3
2025-04-25T15:30:15,"Papoose, Rebounder",Great American Music Hall,,April 25,KALX,data/clips/kalx_clip_2025-04-25_15-30-15.mp3
2025-04-25T15:30:15,"Chase, Petra, Small Crush",The Independent,,April 25,KALX,data/clips/kalx_clip_2025-04-25_15-30-15.mp3
2025-04-25T15:30:15,"Hit Me Harold, Charity Kiss, Green Cat",Four Star Theater,,April 25,KALX,data/clips/kalx_clip_2025-04-25_15-30-15.mp3
2025-04-25T15:30:15,"Chase, Petra, Small Crush",The Independent,,April 25,KALX,data/clips/kalx_clip_2025-04-25_15-30-15.mp3
2025-04-25T15:30:15,Ayo Braame,Yoshi’s,,April 25,KALX,data/clips/kalx_clip_2025-04-25_15-30-15.mp3
2025-04-25T15:30:15,M. Behold and E. Wolf,Cafe du Nord,,April 25,KALX,data/clips/kalx_clip_2025-04-25_15-30-15.mp3
2025-04-25T15:30:15,"Papoose, Rebounder",Great American Music Hall,,April 25,KALX,data/clips/kalx_clip_2025-04-25_15-30-15.mp3
2025-04-25T15:30:15,Ayo Braame,Yoshi’s,,Unknown,KALX,data/clips/kalx_clip_2025-04-25_15-30-15.mp3
2025-04-25T15:30:15,M. Behold and E. Wolf,Cafe du Nord,,April 25,KALX,data/clips/kalx_clip_2025-04-25_15-30-15.mp3
2025-04-25T15:30:15,"Hit Me Harold, Charity Kiss, Green Cat",Four Star Theater,,April 25,KALX,data/clips/kalx_clip_2025-04-25_15-30-15.mp3
2025-04-25T15:30:15,"The Chinese American Bear, Business School, Still Deer",Bottom of the Hill,,April 25,KALX,data/clips/kalx_clip_2025-04-25_15-30-15.mp3
2025-04-25T15:30:15,"Chase, Petra, Small Crush",The Independent,,April 25,KALX,data/clips/kalx_clip_2025-04-25_15-30-15.mp3
2025-04-25T15:30:15,Buzzy Fretz and Surf Monster,Hotel Utah,,April 25,KALX,data/clips/kalx_clip_2025-04-25_15-30-15.mp3
2025-04-25T15:30:15,"M. Behold, E. Wolf",Cafe du Nord,,April 25,KALX,data/clips/kalx_clip_2025-04-25_15-30-15.mp3
2025-04-25T15:30:15,Lurk and Poe,The Fillmore,,April 25,KALX,data/clips/kalx_clip_2025-04-25_15-30-15.mp3
2025-04-25T15:30:15,M. Behold and E. Wolf,Cafe du Nord,,April 25,KALX,data/clips/kalx_clip_2025-04-25_15-30-15.mp3
2025-04-25T15:30:15,Buzzy Fretz and Surf Monster,Hotel Utah,,April 25,KALX,data/clips/kalx_clip_2025-04-25_15-30-15.mp3
2025-04-25T15:30:15,"Chinese American Bear, Business School, Still Deer",Bottom of the Hill,,April 25,KALX,data/clips/kalx_clip_2025-04-25_15-30-15.mp3
2025-04-25T15:30:15,Ayo Braame,Yoshi’s,,April 25,KALX,data/clips/kalx_clip_2025-04-25_15-30-15.mp3
2025-04-25T15:30:15,Lurk and Poe,The Fillmore,,April 25,KALX,data/clips/kalx_clip_2025-04-25_15-30-15.mp3
2025-04-25T15:30:15,"Hit Me Harold, Charity Kiss, Green Cat",Four Star Theater,,April 25,KALX,data/clips/kalx_clip_2025-04-25_15-30-15.mp3
2025-04-25T15:30:15,"Papoose, Rebounder",Great American Music Hall,,April 25,KALX,data/clips/kalx_clip_2025-04-25_15-30-15.mp3
2025-04-25T15:30:15,M. Behold and E. Wolf,Cafe du Nord,,April 25,KALX,data/clips/kalx_clip_2025-04-25_15-30-15.mp3
2025-04-25T15:30:15,"Chase, Petra, Small Crush",The Independent,,April 25,KALX,data/clips/kalx_clip_2025-04-25_15-30-15.mp3
2025-05-04T06:17:07,Foxtails Brigade,Fox Theater,Fox Theater,Unknown,KALX,/Users/kevinrodriguez/Documents/GitHub/arachnaradio/data/clips/kalx_clip_2025-05-04_06-17-07.mp3
2025-05-04T11:15:50,Uwade,Unknown,Unknown,Unknown,KALX,/Users/kevinrodriguez/Documents/GitHub/arachnaradio/data/clips/kalx_clip_2025-05-04_11-15-50.mp3
2025-05-04T11:15:50,Fleet Foxes,Unknown,Unknown,Unknown,KALX,/Users/kevinrodriguez/Documents/GitHub/arachnaradio/data/clips/kalx_clip_2025-05-04_11-15-50.mp3
2025-05-04T11:17:15,Unknown,Fox Theater,Fox Theater,Unknown,KALX,/Users/kevinrodriguez/Documents/GitHub/arachnaradio/data/clips/kalx_clip_2025-05-04_11-17-15.mp3
2025-05-04T18:32:08,Jim Campilongo Trio featuring Andrew Higgins and David Rokish,The Back Room,The Back Room,May 4,KALX,/Users/kevinrodriguez/Documents/GitHub/arachnaradio/data/clips/kalx_clip_2025-05-04_18-32-08.mp3
2025-05-04T18:32:08,Godspeed you Black Emperor and Matt Ball,Fox Theater,Fox Theater,May 4,KALX,/Users/kevinrodriguez/Documents/GitHub/arachnaradio/data/clips/kalx_clip_2025-05-04_18-32-08.mp3
2025-05-04T18:32:08,Berkeley Bluegrass Festival,The Freight,The Freight,May 4,KALX,/Users/kevinrodriguez/Documents/GitHub/arachnaradio/data/clips/kalx_clip_2025-05-04_18-32-08.mp3
2025-05-04T18:32:08,"Nicholas Lotz, Outlaws and the Golden State, and Marty Robin's Ghost",Ivy Room,The Ivy Room,May 4,KALX,/Users/kevinrodriguez/Documents/GitHub/arachnaradio/data/clips/kalx_clip_2025-05-04_18-32-08.mp3
2025-05-04T18:32:08,Meredith Edgar Trio,Little Hill Lounge,Little Hill Lounge,May 4,KALX,/Users/kevinrodriguez/Documents/GitHub/arachnaradio/data/clips/kalx_clip_2025-05-04_18-32-08.mp3
2025-05-04T18:32:08,The Angel Island Project,UC Theatre,Paramount Theater in Oakland,Unknown,KALX,/Users/kevinrodriguez/Documents/GitHub/arachnaradio/data/clips/kalx_clip_2025-05-04_18-32-08.mp3
2025-05-04T18:32:08,"Direct from Sweden, the music of ABBA",Yoshi’s,Yoshi’s,May 4,KALX,/Users/kevinrodriguez/Documents/GitHub/arachnaradio/data/clips/kalx_clip_2025-05-04_18-32-08.mp3
2025-05-04T18:32:08,Chase Shakur,August Hall,August Hall,Unknown,KALX,/Users/kevinrodriguez/Documents/GitHub/arachnaradio/data/clips/kalx_clip_2025-05-04_18-32-08.mp3
2025-05-04T18:32:08,"Black Map, State Line Empire, and Rotterdam",Bottom of the Hill,Bottom of the hill,May 4,KALX,/Users/kevinrodriguez/Documents/GitHub/arachnaradio/data/clips/kalx_clip_2025-05-04_18-32-08.mp3
2025-05-04T18:32:08,Kingfisher,Brick & Mortar Music Hall,Brick and Mortar Music Hall,Unknown,KALX,/Users/kevinrodriguez/Documents/GitHub/arachnaradio/data/clips/kalx_clip_2025-05-04_18-32-08.mp3
2025-05-04T18:55:27,Unconditional arms,Thee Stork Club,Thee Stork Club,May 11,KALX,/Users/kevinrodriguez/Documents/GitHub/arachnaradio/data/clips/kalx_clip_2025-05-04_18-55-27.mp3
2025-05-04T18:55:27,Cheekface,Unknown,Unknown,May 27,KALX,/Users/kevinrodriguez/Documents/GitHub/arachnaradio/data/clips/kalx_clip_2025-05-04_18-55-27.mp3
2025-05-04T18:56:52,leave,The Independent,The Independent,May 27,KALX,/Users/kevinrodriguez/Documents/GitHub/arachnaradio/data/clips/kalx_clip_2025-05-04_18-56-52.mp3
2025-05-04T18:56:52,devo,The Independent,The Independent,Unknown,KALX,/Users/kevinrodriguez/Documents/GitHub/arachnaradio/data/clips/kalx_clip_2025-05-04_18-56-52.mp3
2025-05-04T18:56:52,peter bjorn and yawn,Great American Music Hall,The Green American Musical,May 9,KALX,/Users/kevinrodriguez/Documents/GitHub/arachnaradio/data/clips/kalx_clip_2025-05-04_18-56-52.mp3
2025-05-04T18:58:17,"Tino Dreama, Noelle and the Deserters, Jimmy Tzel",Bottom of the Hill,Bottom of the Hill,May 9th,KALX,/Users/kevinrodriguez/Documents/GitHub/arachnaradio/data/clips/kalx_clip_2025-05-04_18-58-17.mp3
2025-04-25T15:30:15,"Papoose, Rebounder",Great American Music Hall,,April 25 at 3:30 PM,KALX,data/clips/kalx_clip_2025-04-25_15-30-15.mp3
2025-04-25T15:30:15,Lurk and Poe,The Fillmore,,"April 25, 2025",KALX,data/clips/kalx_clip_2025-04-25_15-30-15.mp3
2025-04-25T15:30:15,"Buzzy Fretz, Surf Monster",Hotel Utah,,"April 25, 2025",KALX,data/clips/kalx_clip_2025-04-25_15-30-15.mp3
2025-04-25T15:30:15,"Chase, Petra, Small Crush",The Independent,,April 25 at 3:30 PM,KALX,data/clips/kalx_clip_2025-04-25_15-30-15.mp3
2025-04-25T15:30:15,Ayo Braame,Yoshi’s,,Unknown,KALX,data/clips/kalx_clip_2025-04-25_15-30-15.mp3
2025-04-25T15:30:15,"Hit Me Harold, Charity Kiss, Green Cat",4 Star Theater,,"April 25, 2025",KALX,data/clips/kalx_clip_2025-04-25_15-30-15.mp3
2025-04-25T15:30:15,"The Chinese American Bear, Business School, Still Deer",Bottom of the Hill,,"April 25, 2025",KALX,data/clips/kalx_clip_2025-04-25_15-30-15.mp3
2025-04-25T15:30:15,"M. Behold, E. Wolf",Cafe du Nord,,"April 25, 2025",KALX,data/clips/kalx_clip_2025-04-25_15-30-15.mp3
2025-04-25T15:30:15,"M. Behold, E. Wolf",Cafe du Nord,,April 25,KALX,data/clips/kalx_clip_2025-04-25_15-30-15.mp3
2025-05-04T19:17:46,Joshua Powell,Great American Music Hall,,Unknown,KALX,/Users/kevinrodriguez/Documents/GitHub/arachnaradio/data/clips/kalx_clip_2025-05-04_19-17-46.mp3
2025-05-04T19:20:36,Sharon Van Etten,August Hall,,May 23,KALX,/Users/kevinrodriguez/Documents/GitHub/arachnaradio/data/clips/kalx_clip_2025-05-04_19-20-36.mp3
2025-05-04T20:32:52,Moving Units,Knockout,,May 8,KALX,/Users/kevinrodriguez/Documents/GitHub/arachnaradio/data/clips/kalx_clip_2025-05-04_20-32-52.mp3
2025-05-04T20:44:12,Unknown,Eagle,,May 04,KALX,/Users/kevinrodriguez/Documents/GitHub/arachnaradio/data/clips/kalx_clip_2025-05-04_20-44-12.mp3
2025-05-04T20:34:17,unconditional arms and caged view,Thee Stork Club,,May 11,KALX,data/clips/kalx_clip_2025-05-04_20-34-17.mp3
2025-05-04T20:34:17,unconditional arms and caged view,Thee Stork Club,,Unknown,KALX,data/clips/kalx_clip_2025-05-04_20-34-17.mp3
2025-05-04T20:34:17,unconditional arms and caged view,Thee Stork Club,,Next Sunday,KALX,data/clips/kalx_clip_2025-05-04_20-34-17.mp3
2025-05-04T20:34:17,unconditional arms and caged view,Thee Stork Club,,Next Sunday,KALX,data/clips/kalx_clip_2025-05-04_20-34-17.mp3
2025-05-04T20:34:17,unconditional arms and caged view,Thee Stork Club,,May 11,KALX,data/clips/kalx_clip_2025-05-04_20-34-17.mp3
2025-05-04T20:34:17,unconditional arms and caged view,Thee Stork Club,,Next Sunday,KALX,data/clips/kalx_clip_2025-05-04_20-34-17.mp3
2025-05-04T20:34:17,Unconditional arms and caged view,Thee Stork Club,,Next Sunday,KALX,data/clips/kalx_clip_2025-05-04_20-34-17.mp3
2025-05-04T20:34:17,unconditional arms and caged view,Thee Stork Club,,Next Sunday,KALX,data/clips/kalx_clip_2025-05-04_20-34-17.mp3
2025-05-04T20:34:17,unconditional arms and caged view,Thee Stork Club,,May 11,KALX,data/clips/kalx_clip_2025-05-04_20-34-17.mp3
2025-05-04T20:34:17,unconditional arms and caged view,Thee Stork Club,,Next Sunday,KALX,data/clips/kalx_clip_2025-05-04_20-34-17.mp3
2025-05-04T20:34:17,unconditional arms and caged view,Thee Stork Club,,Next Sunday,KALX,data/clips/kalx_clip_2025-05-04_20-34-17.mp3
2025-05-04T20:34:17,Unconditional Arms and Caged View,Thee Stork Club,,May 11,KALX,data/clips/kalx_clip_2025-05-04_20-34-17.mp3
2025-05-04T20:34:17,Unconditional Arms and Caged View,Thee Stork Club,,Next Sunday,KALX,data/clips/kalx_clip_2025-05-04_20-34-17.mp3
2025-05-04T20:34:17,Unconditional Arms and Caged View,Thee Stork Club,,May 11,KALX,data/clips/kalx_clip_2025-05-04_20-34-17.mp3
2025-05-04T20:34:17,"Unconditional Arms, Caged View",Thee Stork Club,,May 11,KALX,data/clips/kalx_clip_2025-05-04_20-34-17.mp3
